INSERT INTO future.future_basic (symbol, name, type, code, low, high, amount, unit, `limit`, margin_rate, fee_type, fee,
                                 fee_today, night, exchange, is_target, deleted, remark, update_time)
VALUES ('A', '豆一', '油料', 'A2201', 4217.00, 6375.00, 10, '吨', 7, 13, 2, 2.000000, 2.000000, 1, '大连商品交易所', 1, 0, null,
        '2021-08-06 16:31:39');
INSERT INTO future.future_basic (symbol, name, type, code, low, high, amount, unit, `limit`, margin_rate, fee_type, fee,
                                 fee_today, night, exchange, is_target, deleted, remark, update_time)
VALUES ('AG', '白银', '贵金属', 'AG2201', 2857.00, 6877.00, 15, '千克', 10, 13, 1, 0.000010, 0.000000, 1, '上海期货交易所', 1, 0,
        null, '2021-08-06 16:25:48');
INSERT INTO future.future_basic (symbol, name, type, code, low, high, amount, unit, `limit`, margin_rate, fee_type, fee,
                                 fee_today, night, exchange, is_target, deleted, remark, update_time)
VALUES ('AL', '铝', '有色', 'AL2110', 11230.00, 20445.00, 5, '吨', 8, 11, 2, 3.000000, 0.000000, 1, '上海期货交易所', 1, 0, null,
        '2021-08-06 16:31:58');
INSERT INTO future.future_basic (symbol, name, type, code, low, high, amount, unit, `limit`, margin_rate, fee_type, fee,
                                 fee_today, night, exchange, is_target, deleted, remark, update_time)
VALUES ('AP', '苹果', '农产品', 'AP2110', 4916.00, 9409.00, 10, '吨', 6, 9, 2, 5.000000, 20.000000, 0, '郑州商品交易所', 1, 0, null,
        '2021-07-19 13:24:03');
INSERT INTO future.future_basic (symbol, name, type, code, low, high, amount, unit, `limit`, margin_rate, fee_type, fee,
                                 fee_today, night, exchange, is_target, deleted, remark, update_time)
VALUES ('AU', '黄金', '贵金属', 'AU2112', 293.80, 454.08, 1000, '克', 6, 9, 2, 10.000000, 0.000000, 1, '上海期货交易所', 1, 0, null,
        '2021-08-06 16:52:34');
INSERT INTO future.future_basic (symbol, name, type, code, low, high, amount, unit, `limit`, margin_rate, fee_type, fee,
                                 fee_today, night, exchange, is_target, deleted, remark, update_time)
VALUES ('B', '豆二', '油料', 'B2201', 2813.00, 4631.00, 10, '吨', 7, 10, 2, 1.000000, 1.000000, 1, '大连商品交易所', 1, 0, null,
        '2021-08-06 16:31:39');
INSERT INTO future.future_basic (symbol, name, type, code, low, high, amount, unit, `limit`, margin_rate, fee_type, fee,
                                 fee_today, night, exchange, is_target, deleted, remark, update_time)
VALUES ('BB', '胶合板(细木工板)', '化工', 'BB0', 215.75, 228.25, 500, '张', 13, 41, 1, 0.000100, 0.000000, 0, '大连商品交易所', 1, 1,
        null, '2021-07-27 18:14:47');
INSERT INTO future.future_basic (symbol, name, type, code, low, high, amount, unit, `limit`, margin_rate, fee_type, fee,
                                 fee_today, night, exchange, is_target, deleted, remark, update_time)
VALUES ('BC', '国际铜', '有色', 'BC0', 45600.00, 78270.00, 5, '吨', 6, 10, 1, 0.000010, 0.000000, 1, '上海国际能源交易中心', 1, 1, null,
        '2021-08-06 16:33:38');
INSERT INTO future.future_basic (symbol, name, type, code, low, high, amount, unit, `limit`, margin_rate, fee_type, fee,
                                 fee_today, night, exchange, is_target, deleted, remark, update_time)
VALUES ('BU', '沥青', '油化工', 'BU2112', 1758.00, 3618.00, 10, '吨', 8, 11, 1, 0.000100, 0.000100, 1, '上海期货交易所', 1, 0, null,
        '2021-08-09 13:14:04');
INSERT INTO future.future_basic (symbol, name, type, code, low, high, amount, unit, `limit`, margin_rate, fee_type, fee,
                                 fee_today, night, exchange, is_target, deleted, remark, update_time)
VALUES ('C', '玉米', '农产品', 'C2201', 1807.00, 2930.00, 10, '吨', 7, 12, 2, 1.200000, 0.000000, 1, '大连商品交易所', 1, 0, null,
        '2021-07-27 18:26:08');
INSERT INTO future.future_basic (symbol, name, type, code, low, high, amount, unit, `limit`, margin_rate, fee_type, fee,
                                 fee_today, night, exchange, is_target, deleted, remark, update_time)
VALUES ('CF', '棉花', '农产品', 'CF2201', 9935.00, 18035.00, 5, '吨', 6, 8, 2, 4.300000, 0.000000, 1, '郑州商品交易所', 1, 0, null,
        '2021-07-27 17:06:57');
INSERT INTO future.future_basic (symbol, name, type, code, low, high, amount, unit, `limit`, margin_rate, fee_type, fee,
                                 fee_today, night, exchange, is_target, deleted, remark, update_time)
VALUES ('CJ', '红枣', '农产品', 'CJ2201', 8230.00, 13405.00, 10, '吨', 7, 8, 2, 3.000000, 0.000000, 0, '郑州商品交易所', 1, 0, null,
        '2021-07-29 21:57:33');
INSERT INTO future.future_basic (symbol, name, type, code, low, high, amount, unit, `limit`, margin_rate, fee_type, fee,
                                 fee_today, night, exchange, is_target, deleted, remark, update_time)
VALUES ('CS', '玉米淀粉', '农产品', 'CS0', 2884.00, 2925.00, 10, '吨', 7, 8, 2, 1.500000, 0.000000, 1, '大连商品交易所', 1, 1, null,
        '2021-07-27 18:15:23');
INSERT INTO future.future_basic (symbol, name, type, code, low, high, amount, unit, `limit`, margin_rate, fee_type, fee,
                                 fee_today, night, exchange, is_target, deleted, remark, update_time)
VALUES ('CU', '铜', '有色', 'CU2110', 35170.00, 78270.00, 5, '吨', 8, 10, 1, 0.000050, 0.000000, 1, '上海期货交易所', 1, 0, null,
        '2021-08-06 16:31:58');
INSERT INTO future.future_basic (symbol, name, type, code, low, high, amount, unit, `limit`, margin_rate, fee_type, fee,
                                 fee_today, night, exchange, is_target, deleted, remark, update_time)
VALUES ('CY', '棉纱', '农产品', 'EB2201', 8735.00, 8927.00, 10, '吨', 7, 8, 2, 4.000000, 0.000000, 1, '郑州商品交易所', 1, 1, null,
        '2021-07-27 18:18:33');
INSERT INTO future.future_basic (symbol, name, type, code, low, high, amount, unit, `limit`, margin_rate, fee_type, fee,
                                 fee_today, night, exchange, is_target, deleted, remark, update_time)
VALUES ('EB', '苯乙烯', '化工', 'EB2110', 4338.00, 10242.40, 5, '吨', 11, 13, 2, 3.000000, 3.000000, 1, '大连商品交易所', 1, 0, null,
        '2021-08-06 16:20:36');
INSERT INTO future.future_basic (symbol, name, type, code, low, high, amount, unit, `limit`, margin_rate, fee_type, fee,
                                 fee_today, night, exchange, is_target, deleted, remark, update_time)
VALUES ('EG', '乙二醇', '聚酯', 'EG2201', 2926.00, 6280.80, 10, '吨', 9, 12, 2, 3.000000, 0.000000, 1, '大连商品交易所', 1, 0, null,
        '2021-08-06 16:24:18');
INSERT INTO future.future_basic (symbol, name, type, code, low, high, amount, unit, `limit`, margin_rate, fee_type, fee,
                                 fee_today, night, exchange, is_target, deleted, remark, update_time)
VALUES ('FB', '纤维板', '化工', 'FB0', 1313.00, 1325.00, 10, '立方米', 5, 11, 0, 0.000100, 0.000000, 0, '大连商品交易所', 1, 1, null,
        '2021-07-27 18:14:47');
INSERT INTO future.future_basic (symbol, name, type, code, low, high, amount, unit, `limit`, margin_rate, fee_type, fee,
                                 fee_today, night, exchange, is_target, deleted, remark, update_time)
VALUES ('FG', '玻璃', '化工', 'FG2201', 1177.00, 3163.00, 20, '吨', 7, 11, 2, 15.000000, 15.000000, 1, '郑州商品交易所', 1, 0, null,
        '2021-08-06 15:46:18');
INSERT INTO future.future_basic (symbol, name, type, code, low, high, amount, unit, `limit`, margin_rate, fee_type, fee,
                                 fee_today, night, exchange, is_target, deleted, remark, update_time)
VALUES ('FU', '燃料油', '油化工', 'FU2201', 1343.00, 2777.00, 10, '吨', 10, 11, 1, 0.000050, 0.000000, 1, '上海期货交易所', 1, 0,
        null, '2021-08-04 18:53:51');
INSERT INTO future.future_basic (symbol, name, type, code, low, high, amount, unit, `limit`, margin_rate, fee_type, fee,
                                 fee_today, night, exchange, is_target, deleted, remark, update_time)
VALUES ('HC', '热轧卷板', '钢铁', 'HC2110', 2933.00, 6727.00, 10, '吨', 6, 9, 1, 0.000100, 0.000300, 1, '上海期货交易所', 1, 0, null,
        '2021-08-06 16:30:43');
INSERT INTO future.future_basic (symbol, name, type, code, low, high, amount, unit, `limit`, margin_rate, fee_type, fee,
                                 fee_today, night, exchange, is_target, deleted, remark, update_time)
VALUES ('I', '铁矿石', '黑色', 'I2201', 542.50, 1358.00, 100, '吨', 10, 13, 1, 0.000400, 0.000400, 1, '大连商品交易所', 1, 0, null,
        '2021-07-27 18:16:54');
INSERT INTO future.future_basic (symbol, name, type, code, low, high, amount, unit, `limit`, margin_rate, fee_type, fee,
                                 fee_today, night, exchange, is_target, deleted, remark, update_time)
VALUES ('IC', '中证500指数', '金融', 'IC0', 0.00, 0.00, 1, '指数点', 10, 16, 0, 0.000400, 0.000000, 0, '中国金融期货交易所', 1, 1, null,
        '2021-08-06 16:33:38');
INSERT INTO future.future_basic (symbol, name, type, code, low, high, amount, unit, `limit`, margin_rate, fee_type, fee,
                                 fee_today, night, exchange, is_target, deleted, remark, update_time)
VALUES ('IF', '沪深300指数', '金融', 'IF0', 0.00, 0.00, 1, '指数点', 10, 16, 0, 0.000400, 0.000000, 0, '中国金融期货交易所', 1, 1, null,
        '2021-08-06 16:33:38');
INSERT INTO future.future_basic (symbol, name, type, code, low, high, amount, unit, `limit`, margin_rate, fee_type, fee,
                                 fee_today, night, exchange, is_target, deleted, remark, update_time)
VALUES ('IH', '上证50股指期货', '金融', 'IH0', 0.00, 0.00, 300, '指数点', 10, 16, 0, 0.000400, 0.000000, 0, '中国金融期货交易所', 1, 1,
        null, '2021-08-06 16:33:38');
INSERT INTO future.future_basic (symbol, name, type, code, low, high, amount, unit, `limit`, margin_rate, fee_type, fee,
                                 fee_today, night, exchange, is_target, deleted, remark, update_time)
VALUES ('J', '焦炭', '煤炭', 'J2201', 1568.50, 3036.00, 100, '吨', 8, 12, 1, 0.000120, 0.000120, 1, '大连商品交易所', 1, 0, null,
        '2021-08-06 16:30:43');
INSERT INTO future.future_basic (symbol, name, type, code, low, high, amount, unit, `limit`, margin_rate, fee_type, fee,
                                 fee_today, night, exchange, is_target, deleted, remark, update_time)
VALUES ('JD', '鸡蛋', '农产品', 'JD2201', 2530.00, 5081.00, 10, '吨', 7, 10, 1, 0.000150, 0.000150, 0, '大连商品交易所', 1, 1, null,
        '2021-08-09 13:11:07');
INSERT INTO future.future_basic (symbol, name, type, code, low, high, amount, unit, `limit`, margin_rate, fee_type, fee,
                                 fee_today, night, exchange, is_target, deleted, remark, update_time)
VALUES ('JM', '焦煤', '煤炭', 'JM2201', 1027.50, 2313.00, 60, '吨', 8, 12, 1, 0.000120, 0.000120, 1, '大连商品交易所', 1, 0, null,
        '2021-08-06 16:30:43');
INSERT INTO future.future_basic (symbol, name, type, code, low, high, amount, unit, `limit`, margin_rate, fee_type, fee,
                                 fee_today, night, exchange, is_target, deleted, remark, update_time)
VALUES ('JR', '粳稻谷', '农产品', 'JR0', 0.00, 0.00, 10, '吨', 7, 7, 0, 3.000000, 0.000000, 1, '郑州商品交易所', 1, 1, null,
        '2021-07-27 18:14:47');
INSERT INTO future.future_basic (symbol, name, type, code, low, high, amount, unit, `limit`, margin_rate, fee_type, fee,
                                 fee_today, night, exchange, is_target, deleted, remark, update_time)
VALUES ('L', '塑料', '塑料', 'L2201', 5350.00, 9265.00, 5, '吨', 9, 9, 2, 1.000000, 1.000000, 1, '大连商品交易所', 1, 0, null,
        '2021-08-06 15:47:12');
INSERT INTO future.future_basic (symbol, name, type, code, low, high, amount, unit, `limit`, margin_rate, fee_type, fee,
                                 fee_today, night, exchange, is_target, deleted, remark, update_time)
VALUES ('LH', '生猪', '农产品', 'LH0', 16675.00, 30680.00, 16, '吨', 11, 16, 1, 0.000400, 0.000400, 0, '大连商品交易所', 1, 1, null,
        '2021-08-06 15:45:42');
INSERT INTO future.future_basic (symbol, name, type, code, low, high, amount, unit, `limit`, margin_rate, fee_type, fee,
                                 fee_today, night, exchange, is_target, deleted, remark, update_time)
VALUES ('LR', '晚籼稻', '农产品', 'LR0', 0.00, 0.00, 10, '吨', 7, 12, 0, 1.000000, 0.000000, 1, '郑州商品交易所', 1, 1, null,
        '2021-07-27 18:14:47');
INSERT INTO future.future_basic (symbol, name, type, code, low, high, amount, unit, `limit`, margin_rate, fee_type, fee,
                                 fee_today, night, exchange, is_target, deleted, remark, update_time)
VALUES ('LU', '低硫燃料油', '油化工', 'LU0', 1970.00, 3600.00, 10, '吨', 10, 11, 2, 2.000000, 2.000000, 1, '上海国际能源交易中心', 1, 1,
        null, '2021-08-06 15:49:27');
INSERT INTO future.future_basic (symbol, name, type, code, low, high, amount, unit, `limit`, margin_rate, fee_type, fee,
                                 fee_today, night, exchange, is_target, deleted, remark, update_time)
VALUES ('M', '豆粕', '油料', 'M2201', 2527.00, 3825.00, 10, '吨', 7, 9, 2, 1.500000, 0.000000, 1, '大连商品交易所', 1, 0, null,
        '2021-08-06 16:31:40');
INSERT INTO future.future_basic (symbol, name, type, code, low, high, amount, unit, `limit`, margin_rate, fee_type, fee,
                                 fee_today, night, exchange, is_target, deleted, remark, update_time)
VALUES ('MA', '甲醇', '化工', 'MA2201', 1531.00, 2852.00, 10, '吨', 6, 8, 2, 2.000000, 6.000000, 1, '郑州商品交易所', 1, 0, null,
        '2021-08-06 15:46:18');
INSERT INTO future.future_basic (symbol, name, type, code, low, high, amount, unit, `limit`, margin_rate, fee_type, fee,
                                 fee_today, night, exchange, is_target, deleted, remark, update_time)
VALUES ('NI', '镍', '有色', 'NI2110', 89550.00, 149130.00, 1, '吨', 8, 9, 2, 1.000000, 0.000000, 1, '上海期货交易所', 1, 0, null,
        '2021-08-06 16:31:58');
INSERT INTO future.future_basic (symbol, name, type, code, low, high, amount, unit, `limit`, margin_rate, fee_type, fee,
                                 fee_today, night, exchange, is_target, deleted, remark, update_time)
VALUES ('NR', '20号胶', '化工', 'NR0', 7345.00, 13040.00, 10, '吨', 6, 11, 2, 3.000000, 0.000000, 1, '上海国际能源交易中心', 1, 1,
        null, '2021-08-06 15:46:18');
INSERT INTO future.future_basic (symbol, name, type, code, low, high, amount, unit, `limit`, margin_rate, fee_type, fee,
                                 fee_today, night, exchange, is_target, deleted, remark, update_time)
VALUES ('OI', '菜油', '油脂', 'OI2201', 6570.00, 11223.00, 10, '吨', 5, 7, 2, 2.000000, 0.000000, 1, '郑州商品交易所', 1, 0, null,
        '2021-08-06 16:31:39');
INSERT INTO future.future_basic (symbol, name, type, code, low, high, amount, unit, `limit`, margin_rate, fee_type, fee,
                                 fee_today, night, exchange, is_target, deleted, remark, update_time)
VALUES ('P', '棕榈油', '油脂', 'P2201', 3984.00, 8596.00, 10, '吨', 8, 11, 2, 2.500000, 2.500000, 1, '大连商品交易所', 1, 0, null,
        '2021-08-06 16:31:39');
INSERT INTO future.future_basic (symbol, name, type, code, low, high, amount, unit, `limit`, margin_rate, fee_type, fee,
                                 fee_today, night, exchange, is_target, deleted, remark, update_time)
VALUES ('PB', '铅', '有色', 'PB2110', 12730.00, 16520.00, 5, '吨', 8, 10, 1, 0.000040, 0.000000, 1, '上海期货交易所', 1, 0, null,
        '2021-08-06 16:31:58');
INSERT INTO future.future_basic (symbol, name, type, code, low, high, amount, unit, `limit`, margin_rate, fee_type, fee,
                                 fee_today, night, exchange, is_target, deleted, remark, update_time)
VALUES ('PF', '短纤', '聚酯', 'PF2201', 5744.00, 8578.00, 5, '吨', 4, 8, 2, 3.000000, 3.000000, 1, '郑州商品交易所', 1, 0, null,
        '2021-08-06 16:24:18');
INSERT INTO future.future_basic (symbol, name, type, code, low, high, amount, unit, `limit`, margin_rate, fee_type, fee,
                                 fee_today, night, exchange, is_target, deleted, remark, update_time)
VALUES ('PG', '液化石油气', '油化工', 'PG2110', 2318.00, 5218.00, 20, '吨', 10, 12, 2, 6.000000, 6.000000, 1, '大连商品交易所', 1, 0,
        null, '2021-08-11 10:33:49');
INSERT INTO future.future_basic (symbol, name, type, code, low, high, amount, unit, `limit`, margin_rate, fee_type, fee,
                                 fee_today, night, exchange, is_target, deleted, remark, update_time)
VALUES ('PK', '花生', '油料', 'PK2110', 8850.00, 11300.00, 5, '吨', 7, 9, 2, 4.000000, 4.000000, 0, '郑州商品交易所', 1, 0, null,
        '2021-08-06 16:31:39');
INSERT INTO future.future_basic (symbol, name, type, code, low, high, amount, unit, `limit`, margin_rate, fee_type, fee,
                                 fee_today, night, exchange, is_target, deleted, remark, update_time)
VALUES ('PM', '普通小麦', '农产品', 'PM0', 0.00, 0.00, 50, '吨', 5, 7, 0, 5.000000, 0.000000, 0, '郑州商品交易所', 1, 1, null,
        '2021-07-27 18:15:39');
INSERT INTO future.future_basic (symbol, name, type, code, low, high, amount, unit, `limit`, margin_rate, fee_type, fee,
                                 fee_today, night, exchange, is_target, deleted, remark, update_time)
VALUES ('PP', '聚丙烯', '塑料', 'PP2201', 5658.00, 9660.00, 5, '吨', 9, 9, 2, 1.000000, 1.000000, 1, '大连商品交易所', 1, 0, null,
        '2021-08-06 15:47:12');
INSERT INTO future.future_basic (symbol, name, type, code, low, high, amount, unit, `limit`, margin_rate, fee_type, fee,
                                 fee_today, night, exchange, is_target, deleted, remark, update_time)
VALUES ('RB', '螺纹钢', '钢铁', 'RB2110', 3103.00, 6208.00, 10, '吨', 6, 8, 1, 0.000100, 0.000300, 1, '上海期货交易所', 1, 0, null,
        '2021-08-06 16:30:43');
INSERT INTO future.future_basic (symbol, name, type, code, low, high, amount, unit, `limit`, margin_rate, fee_type, fee,
                                 fee_today, night, exchange, is_target, deleted, remark, update_time)
VALUES ('RI', '早籼稻', '农产品', 'RI0', 0.00, 0.00, 10, '吨', 7, 7, 0, 2.500000, 0.000000, 1, '郑州商品交易所', 1, 1, null,
        '2021-07-27 18:14:47');
INSERT INTO future.future_basic (symbol, name, type, code, low, high, amount, unit, `limit`, margin_rate, fee_type, fee,
                                 fee_today, night, exchange, is_target, deleted, remark, update_time)
VALUES ('RM', '菜粕', '油料', 'RM2201', 2086.00, 3218.00, 10, '吨', 7, 7, 2, 1.500000, 0.000000, 1, '郑州商品交易所', 1, 0, null,
        '2021-08-06 16:31:40');
INSERT INTO future.future_basic (symbol, name, type, code, low, high, amount, unit, `limit`, margin_rate, fee_type, fee,
                                 fee_today, night, exchange, is_target, deleted, remark, update_time)
VALUES ('RR', '粳米', '农产品', 'RR0', 0.00, 0.00, 10, '吨', 5, 7, 0, 0.200000, 0.000000, 1, '大连商品交易所', 1, 1, null,
        '2021-07-27 18:14:47');
INSERT INTO future.future_basic (symbol, name, type, code, low, high, amount, unit, `limit`, margin_rate, fee_type, fee,
                                 fee_today, night, exchange, is_target, deleted, remark, update_time)
VALUES ('RS', '菜籽(油菜籽)', '农产品', 'RS0', 0.00, 0.00, 10, '吨', 7, 21, 0, 2.000000, 0.000000, 1, '郑州商品交易所', 1, 1, null,
        '2021-07-27 18:15:39');
INSERT INTO future.future_basic (symbol, name, type, code, low, high, amount, unit, `limit`, margin_rate, fee_type, fee,
                                 fee_today, night, exchange, is_target, deleted, remark, update_time)
VALUES ('RU', '天然橡胶', '化工', 'RU2201', 9300.00, 17335.00, 10, '吨', 6, 11, 2, 3.000000, 0.000000, 1, '上海期货交易所', 1, 0,
        null, '2021-08-06 15:47:12');
INSERT INTO future.future_basic (symbol, name, type, code, low, high, amount, unit, `limit`, margin_rate, fee_type, fee,
                                 fee_today, night, exchange, is_target, deleted, remark, update_time)
VALUES ('SA', '纯碱', '化工', 'SA2201', 1288.00, 2675.00, 20, '吨', 5, 8, 2, 3.000000, 5.000000, 1, '郑州商品交易所', 1, 0, null,
        '2021-08-11 10:33:49');
INSERT INTO future.future_basic (symbol, name, type, code, low, high, amount, unit, `limit`, margin_rate, fee_type, fee,
                                 fee_today, night, exchange, is_target, deleted, remark, update_time)
VALUES ('SC', '上海原油', '油化工', 'SC2110', 205.10, 479.00, 1000, '桶', 10, 11, 2, 20.000000, 0.000000, 1, '上海国际能源交易中心', 1, 0,
        null, '2021-08-06 15:50:41');
INSERT INTO future.future_basic (symbol, name, type, code, low, high, amount, unit, `limit`, margin_rate, fee_type, fee,
                                 fee_today, night, exchange, is_target, deleted, remark, update_time)
VALUES ('SF', '硅铁', '黑色', 'SF2111', 5280.00, 9156.00, 5, '吨', 6, 8, 2, 1.500000, 0.000000, 0, '郑州商品交易所', 1, 0, null,
        '2021-08-11 10:33:49');
INSERT INTO future.future_basic (symbol, name, type, code, low, high, amount, unit, `limit`, margin_rate, fee_type, fee,
                                 fee_today, night, exchange, is_target, deleted, remark, update_time)
VALUES ('SM', '锰硅', '黑色', 'SM2111', 5866.00, 7994.00, 5, '吨', 6, 8, 2, 3.000000, 0.000000, 0, '郑州商品交易所', 1, 0, null,
        '2021-08-06 16:27:39');
INSERT INTO future.future_basic (symbol, name, type, code, low, high, amount, unit, `limit`, margin_rate, fee_type, fee,
                                 fee_today, night, exchange, is_target, deleted, remark, update_time)
VALUES ('SN', '锡', '有色', 'SN2110', 109070.00, 238580.00, 1, '吨', 8, 10, 2, 1.000000, 0.000000, 1, '上海期货交易所', 1, 0, null,
        '2021-08-06 16:31:58');
INSERT INTO future.future_basic (symbol, name, type, code, low, high, amount, unit, `limit`, margin_rate, fee_type, fee,
                                 fee_today, night, exchange, is_target, deleted, remark, update_time)
VALUES ('SP', '纸浆', '化工', 'SP2110', 4344.00, 7652.80, 10, '吨', 5, 9, 1, 0.000050, 0.000000, 1, '上海期货交易所', 1, 0, null,
        '2021-08-06 15:48:43');
INSERT INTO future.future_basic (symbol, name, type, code, low, high, amount, unit, `limit`, margin_rate, fee_type, fee,
                                 fee_today, night, exchange, is_target, deleted, remark, update_time)
VALUES ('SR', '白糖', '农产品', 'SR2201', 4762.00, 5997.00, 10, '吨', 7, 8, 2, 3.000000, 0.000000, 1, '郑州商品交易所', 1, 0, null,
        '2021-08-06 17:02:18');
INSERT INTO future.future_basic (symbol, name, type, code, low, high, amount, unit, `limit`, margin_rate, fee_type, fee,
                                 fee_today, night, exchange, is_target, deleted, remark, update_time)
VALUES ('SS', '不锈钢', '钢铁', 'SS2110', 11680.00, 20180.00, 5, '吨', 6, 9, 2, 2.000000, 0.000000, 1, '上海期货交易所', 1, 0, null,
        '2021-08-06 16:57:23');
INSERT INTO future.future_basic (symbol, name, type, code, low, high, amount, unit, `limit`, margin_rate, fee_type, fee,
                                 fee_today, night, exchange, is_target, deleted, remark, update_time)
VALUES ('T', '10年期国债', '金融', 'T0', 0.00, 0.00, 1, '指数点', 10, 1, 0, null, 0.000000, 0, '中国金融期货交易所', 1, 1, null,
        '2021-08-06 16:33:38');
INSERT INTO future.future_basic (symbol, name, type, code, low, high, amount, unit, `limit`, margin_rate, fee_type, fee,
                                 fee_today, night, exchange, is_target, deleted, remark, update_time)
VALUES ('TA', 'PTA', '聚酯', 'TA2201', 3118.00, 5588.00, 5, '吨', 5, 7, 2, 1.500000, 0.000000, 1, '郑州商品交易所', 1, 0, null,
        '2021-08-06 16:25:48');
INSERT INTO future.future_basic (symbol, name, type, code, low, high, amount, unit, `limit`, margin_rate, fee_type, fee,
                                 fee_today, night, exchange, is_target, deleted, remark, update_time)
VALUES ('TF', '5年期国债', '金融', 'TF0', 0.00, 0.00, 1, '指数点', 10, 1, 0, null, 0.000000, 0, '中国金融期货交易所', 1, 1, null,
        '2021-08-06 16:33:38');
INSERT INTO future.future_basic (symbol, name, type, code, low, high, amount, unit, `limit`, margin_rate, fee_type, fee,
                                 fee_today, night, exchange, is_target, deleted, remark, update_time)
VALUES ('TS', '2年期国债', '金融', 'TS0', 0.00, 0.00, 1, '指数点', 10, 1, 0, null, 0.000000, 0, '中国金融期货交易所', 1, 1, null,
        '2021-08-06 16:33:38');
INSERT INTO future.future_basic (symbol, name, type, code, low, high, amount, unit, `limit`, margin_rate, fee_type, fee,
                                 fee_today, night, exchange, is_target, deleted, remark, update_time)
VALUES ('UR', '尿素', '化工', 'UR2201', 1492.00, 2616.00, 20, '吨', 4, 6, 2, 5.000000, 5.000000, 0, '郑州商品交易所', 1, 0, null,
        '2021-08-06 16:22:34');
INSERT INTO future.future_basic (symbol, name, type, code, low, high, amount, unit, `limit`, margin_rate, fee_type, fee,
                                 fee_today, night, exchange, is_target, deleted, remark, update_time)
VALUES ('V', 'PVC', '塑料', 'V2201', 4950.00, 9435.00, 5, '吨', 8, 9, 2, 1.000000, 1.000000, 1, '大连商品交易所', 1, 0, null,
        '2021-08-06 15:47:12');
INSERT INTO future.future_basic (symbol, name, type, code, low, high, amount, unit, `limit`, margin_rate, fee_type, fee,
                                 fee_today, night, exchange, is_target, deleted, remark, update_time)
VALUES ('WH', '强麦(优质强筋小麦)', '农产品', 'WH0', 0.00, 0.00, 10, '吨', 7, 8, 0, 5.000000, 0.000000, 1, '郑州商品交易所', 1, 1, null,
        '2021-07-27 18:14:47');
INSERT INTO future.future_basic (symbol, name, type, code, low, high, amount, unit, `limit`, margin_rate, fee_type, fee,
                                 fee_today, night, exchange, is_target, deleted, remark, update_time)
VALUES ('WR', '线材', '钢铁', 'WR0', 0.00, 0.00, 10, '吨', 10, 8, 0, 0.000040, 0.000000, 0, '上海期货交易所', 1, 1, null,
        '2021-08-06 16:33:38');
INSERT INTO future.future_basic (symbol, name, type, code, low, high, amount, unit, `limit`, margin_rate, fee_type, fee,
                                 fee_today, night, exchange, is_target, deleted, remark, update_time)
VALUES ('Y', '豆油', '油脂', 'Y2201', 5114.00, 9534.00, 10, '吨', 7, 9, 2, 2.500000, 0.000000, 1, '大连商品交易所', 1, 0, null,
        '2021-08-06 16:31:40');
INSERT INTO future.future_basic (symbol, name, type, code, low, high, amount, unit, `limit`, margin_rate, fee_type, fee,
                                 fee_today, night, exchange, is_target, deleted, remark, update_time)
VALUES ('ZC', '动力煤', '煤炭', 'ZC2201', 476.40, 944.20, 100, '吨', 5, 9, 2, 3.000000, 0.000000, 1, '郑州商品交易所', 1, 0, null,
        '2021-08-06 16:30:43');
INSERT INTO future.future_basic (symbol, name, type, code, low, high, amount, unit, `limit`, margin_rate, fee_type, fee,
                                 fee_today, night, exchange, is_target, deleted, remark, update_time)
VALUES ('ZN', '沪锌', '有色', 'ZN2110', 14690.00, 23395.00, 5, '吨', 8, 10, 2, 3.000000, 0.000000, 1, '上海期货交易所', 1, 0, null,
        '2021-08-06 16:31:58');

INSERT INTO future.future_daily (id, symbol, trade_date, code, name, close, close_change, settle, settle_change, open,
                                 high, low, hl_diff, amplitude, pre_close, pre_settle, deal_vol, hold_vol, exchange,
                                 create_time, update_time, remark)
VALUES (146, 'A', '2021-08-09', 'A2201', '豆一2201', 5727.00, -2.29, 5781.00, -2.29, 5860.00, 5869.00, 5726.00, 143.00,
        2.44, null, 5861.00, 34943, 36127, '连', '2021-08-09 15:09:12', '2021-08-09 15:09:12', '');
INSERT INTO future.future_daily (id, symbol, trade_date, code, name, close, close_change, settle, settle_change, open,
                                 high, low, hl_diff, amplitude, pre_close, pre_settle, deal_vol, hold_vol, exchange,
                                 create_time, update_time, remark)
VALUES (148, 'AG', '2021-08-09', 'AG2201', '白银2201', 5119.00, -4.05, 5147.00, -4.05, 5233.00, 5233.00, 5075.00, 158.00,
        3.02, null, 5335.00, 71676, 28057, '沪', '2021-08-09 15:09:12', '2021-08-09 15:09:12', '');
INSERT INTO future.future_daily (id, symbol, trade_date, code, name, close, close_change, settle, settle_change, open,
                                 high, low, hl_diff, amplitude, pre_close, pre_settle, deal_vol, hold_vol, exchange,
                                 create_time, update_time, remark)
VALUES (150, 'AL', '2021-08-09', 'AL2110', '铝2110', 19900.00, 0.18, 19910.00, 0.18, 19910.00, 20035.00, 19795.00,
        240.00, 1.20, null, 19865.00, 86039, 149135, '沪', '2021-08-09 15:09:12', '2021-08-09 15:09:12', '');
INSERT INTO future.future_daily (id, symbol, trade_date, code, name, close, close_change, settle, settle_change, open,
                                 high, low, hl_diff, amplitude, pre_close, pre_settle, deal_vol, hold_vol, exchange,
                                 create_time, update_time, remark)
VALUES (152, 'AP', '2021-08-09', 'AP2110', '苹果2110', 5967.00, -2.37, 5995.00, -2.37, 6119.00, 6119.00, 5951.00, 168.00,
        2.75, null, 6112.00, 231074, 228109, '郑', '2021-08-09 15:09:13', '2021-08-09 15:09:13', '');
INSERT INTO future.future_daily (id, symbol, trade_date, code, name, close, close_change, settle, settle_change, open,
                                 high, low, hl_diff, amplitude, pre_close, pre_settle, deal_vol, hold_vol, exchange,
                                 create_time, update_time, remark)
VALUES (154, 'AU', '2021-08-09', 'AU2112', '黄金2112', 365.60, -2.90, 367.46, -2.90, 371.52, 371.64, 362.10, 9.54, 2.57,
        null, 376.50, 216464, 178597, '沪', '2021-08-09 15:09:13', '2021-08-09 15:09:13', '');
INSERT INTO future.future_daily (id, symbol, trade_date, code, name, close, close_change, settle, settle_change, open,
                                 high, low, hl_diff, amplitude, pre_close, pre_settle, deal_vol, hold_vol, exchange,
                                 create_time, update_time, remark)
VALUES (156, 'B', '2021-08-09', 'B2201', '豆二2201', 4345.00, 0.98, 4331.00, 0.98, 4308.00, 4356.00, 4301.00, 55.00, 1.26,
        null, 4303.00, 1053, 1996, '连', '2021-08-09 15:09:13', '2021-08-09 15:09:13', '');
INSERT INTO future.future_daily (id, symbol, trade_date, code, name, close, close_change, settle, settle_change, open,
                                 high, low, hl_diff, amplitude, pre_close, pre_settle, deal_vol, hold_vol, exchange,
                                 create_time, update_time, remark)
VALUES (158, 'BU', '2021-08-09', 'BU2112', '沥青2112', 3206.00, -4.01, 3256.00, -4.01, 3368.00, 3378.00, 3200.00, 178.00,
        5.27, null, 3340.00, 231570, 173077, '沪', '2021-08-09 15:09:13', '2021-08-09 15:09:13', '');
INSERT INTO future.future_daily (id, symbol, trade_date, code, name, close, close_change, settle, settle_change, open,
                                 high, low, hl_diff, amplitude, pre_close, pre_settle, deal_vol, hold_vol, exchange,
                                 create_time, update_time, remark)
VALUES (160, 'C', '2021-08-09', 'C2201', '玉米2201', 2565.00, -0.47, 2565.00, -0.47, 2568.00, 2575.00, 2556.00, 19.00,
        0.74, null, 2577.00, 166864, 337190, '连', '2021-08-09 15:09:13', '2021-08-09 15:09:13', '');
INSERT INTO future.future_daily (id, symbol, trade_date, code, name, close, close_change, settle, settle_change, open,
                                 high, low, hl_diff, amplitude, pre_close, pre_settle, deal_vol, hold_vol, exchange,
                                 create_time, update_time, remark)
VALUES (162, 'CF', '2021-08-09', 'CF2201', '棉花2201', 17725.00, 1.00, 17745.00, 1.00, 17720.00, 17855.00, 17655.00,
        200.00, 1.12, null, 17550.00, 321885, 400433, '郑', '2021-08-09 15:09:13', '2021-08-09 15:09:13', '');
INSERT INTO future.future_daily (id, symbol, trade_date, code, name, close, close_change, settle, settle_change, open,
                                 high, low, hl_diff, amplitude, pre_close, pre_settle, deal_vol, hold_vol, exchange,
                                 create_time, update_time, remark)
VALUES (164, 'CJ', '2021-08-09', 'CJ2201', '红枣2201', 12900.00, -0.62, 12810.00, -0.62, 12905.00, 12980.00, 12620.00,
        360.00, 2.77, null, 12980.00, 144469, 86529, '郑', '2021-08-09 15:09:13', '2021-08-09 15:09:13', '');
INSERT INTO future.future_daily (id, symbol, trade_date, code, name, close, close_change, settle, settle_change, open,
                                 high, low, hl_diff, amplitude, pre_close, pre_settle, deal_vol, hold_vol, exchange,
                                 create_time, update_time, remark)
VALUES (166, 'CU', '2021-08-09', 'CU2110', '铜2110', 69480.00, -0.47, 69710.00, -0.47, 70100.00, 70510.00, 69230.00,
        1280.00, 1.82, null, 69810.00, 51402, 74153, '沪', '2021-08-09 15:09:13', '2021-08-09 15:09:13', '');
INSERT INTO future.future_daily (id, symbol, trade_date, code, name, close, close_change, settle, settle_change, open,
                                 high, low, hl_diff, amplitude, pre_close, pre_settle, deal_vol, hold_vol, exchange,
                                 create_time, update_time, remark)
VALUES (168, 'EB', '2021-08-09', 'EB2110', '苯乙烯2110', 8459.00, -0.75, 8490.00, -0.75, 8600.00, 8642.00, 8379.00, 263.00,
        3.04, null, 8523.00, 63756, 100864, '连', '2021-08-09 15:09:13', '2021-08-09 15:09:13', '');
INSERT INTO future.future_daily (id, symbol, trade_date, code, name, close, close_change, settle, settle_change, open,
                                 high, low, hl_diff, amplitude, pre_close, pre_settle, deal_vol, hold_vol, exchange,
                                 create_time, update_time, remark)
VALUES (170, 'EG', '2021-08-09', 'EG2201', '乙二醇2201', 5251.00, 0.46, 5235.00, 0.46, 5272.00, 5300.00, 5162.00, 138.00,
        2.60, null, 5227.00, 68152, 81338, '连', '2021-08-09 15:09:13', '2021-08-09 15:09:13', '');
INSERT INTO future.future_daily (id, symbol, trade_date, code, name, close, close_change, settle, settle_change, open,
                                 high, low, hl_diff, amplitude, pre_close, pre_settle, deal_vol, hold_vol, exchange,
                                 create_time, update_time, remark)
VALUES (172, 'FG', '2021-08-09', 'FG2201', '玻璃2201', 2764.00, 2.26, 2750.00, 2.26, 2707.00, 2786.00, 2705.00, 81.00,
        2.91, null, 2703.00, 402637, 341593, '郑', '2021-08-09 15:09:13', '2021-08-09 15:09:13', '');
INSERT INTO future.future_daily (id, symbol, trade_date, code, name, close, close_change, settle, settle_change, open,
                                 high, low, hl_diff, amplitude, pre_close, pre_settle, deal_vol, hold_vol, exchange,
                                 create_time, update_time, remark)
VALUES (174, 'FU', '2021-08-09', 'FU2201', '燃料油2201', 2464.00, -1.24, 2489.00, -1.24, 2537.00, 2557.00, 2440.00, 117.00,
        4.58, null, 2495.00, 417735, 189874, '沪', '2021-08-09 15:09:13', '2021-08-09 15:09:13', '');
INSERT INTO future.future_daily (id, symbol, trade_date, code, name, close, close_change, settle, settle_change, open,
                                 high, low, hl_diff, amplitude, pre_close, pre_settle, deal_vol, hold_vol, exchange,
                                 create_time, update_time, remark)
VALUES (176, 'HC', '2021-08-09', 'HC2110', '热轧卷板2110', 5746.00, -0.42, 5730.00, -0.42, 5772.00, 5795.00, 5651.00,
        144.00, 2.48, null, 5770.00, 497366, 458193, '沪', '2021-08-09 15:09:13', '2021-08-09 15:09:13', '');
INSERT INTO future.future_daily (id, symbol, trade_date, code, name, close, close_change, settle, settle_change, open,
                                 high, low, hl_diff, amplitude, pre_close, pre_settle, deal_vol, hold_vol, exchange,
                                 create_time, update_time, remark)
VALUES (178, 'I', '2021-08-09', 'I2201', '铁矿石2201', 852.50, -4.43, 864.50, -4.43, 900.00, 900.00, 845.00, 55.00, 6.11,
        null, 892.00, 515982, 421668, '连', '2021-08-09 15:09:13', '2021-08-09 15:09:13', '');
INSERT INTO future.future_daily (id, symbol, trade_date, code, name, close, close_change, settle, settle_change, open,
                                 high, low, hl_diff, amplitude, pre_close, pre_settle, deal_vol, hold_vol, exchange,
                                 create_time, update_time, remark)
VALUES (180, 'J', '2021-08-09', 'J2201', '焦炭2201', 2809.00, 2.52, 2788.00, 2.52, 2764.00, 2829.00, 2738.50, 90.50, 3.20,
        null, 2740.00, 79716, 55413, '连', '2021-08-09 15:09:13', '2021-08-09 15:09:13', '');
INSERT INTO future.future_daily (id, symbol, trade_date, code, name, close, close_change, settle, settle_change, open,
                                 high, low, hl_diff, amplitude, pre_close, pre_settle, deal_vol, hold_vol, exchange,
                                 create_time, update_time, remark)
VALUES (182, 'JM', '2021-08-09', 'JM2201', '焦煤2201', 2159.50, 4.50, 2140.00, 4.50, 2096.00, 2176.50, 2086.50, 90.00,
        4.14, null, 2066.50, 188506, 112605, '连', '2021-08-09 15:09:13', '2021-08-09 15:09:13', '');
INSERT INTO future.future_daily (id, symbol, trade_date, code, name, close, close_change, settle, settle_change, open,
                                 high, low, hl_diff, amplitude, pre_close, pre_settle, deal_vol, hold_vol, exchange,
                                 create_time, update_time, remark)
VALUES (184, 'L', '2021-08-09', 'L2201', '塑料2201', 8090.00, 0.37, 8075.00, 0.37, 8085.00, 8135.00, 8000.00, 135.00,
        1.66, null, 8060.00, 154136, 137599, '连', '2021-08-09 15:09:13', '2021-08-09 15:09:13', '');
INSERT INTO future.future_daily (id, symbol, trade_date, code, name, close, close_change, settle, settle_change, open,
                                 high, low, hl_diff, amplitude, pre_close, pre_settle, deal_vol, hold_vol, exchange,
                                 create_time, update_time, remark)
VALUES (186, 'M', '2021-08-09', 'M2201', '豆粕2201', 3572.00, 1.02, 3561.00, 1.02, 3544.00, 3585.00, 3538.00, 47.00, 1.31,
        null, 3536.00, 664630, 861936, '连', '2021-08-09 15:09:13', '2021-08-09 15:09:13', '');
INSERT INTO future.future_daily (id, symbol, trade_date, code, name, close, close_change, settle, settle_change, open,
                                 high, low, hl_diff, amplitude, pre_close, pre_settle, deal_vol, hold_vol, exchange,
                                 create_time, update_time, remark)
VALUES (188, 'MA', '2021-08-09', 'MA2201', '甲醇2201', 2713.00, -0.88, 2727.00, -0.88, 2765.00, 2770.00, 2696.00, 74.00,
        2.67, null, 2737.00, 286204, 397342, '郑', '2021-08-09 15:09:13', '2021-08-09 15:09:13', '');
INSERT INTO future.future_daily (id, symbol, trade_date, code, name, close, close_change, settle, settle_change, open,
                                 high, low, hl_diff, amplitude, pre_close, pre_settle, deal_vol, hold_vol, exchange,
                                 create_time, update_time, remark)
VALUES (190, 'NI', '2021-08-09', 'NI2110', '镍2110', 139870.00, -3.11, 141780.00, -3.11, 144500.00, 144700.00, 139330.00,
        5370.00, 3.71, null, 144360.00, 84373, 60691, '沪', '2021-08-09 15:09:13', '2021-08-09 15:09:13', '');
INSERT INTO future.future_daily (id, symbol, trade_date, code, name, close, close_change, settle, settle_change, open,
                                 high, low, hl_diff, amplitude, pre_close, pre_settle, deal_vol, hold_vol, exchange,
                                 create_time, update_time, remark)
VALUES (192, 'OI', '2021-08-09', 'OI2201', '菜油2201', 10245.00, 0.09, 10250.00, 0.09, 10298.00, 10350.00, 10150.00,
        200.00, 1.93, null, 10236.00, 160832, 130863, '郑', '2021-08-09 15:09:13', '2021-08-09 15:09:13', '');
INSERT INTO future.future_daily (id, symbol, trade_date, code, name, close, close_change, settle, settle_change, open,
                                 high, low, hl_diff, amplitude, pre_close, pre_settle, deal_vol, hold_vol, exchange,
                                 create_time, update_time, remark)
VALUES (194, 'P', '2021-08-09', 'P2201', '棕榈油2201', 7848.00, 1.76, 7820.00, 1.76, 7780.00, 7900.00, 7734.00, 166.00,
        2.10, null, 7712.00, 229345, 175049, '连', '2021-08-09 15:09:13', '2021-08-09 15:09:13', '');
INSERT INTO future.future_daily (id, symbol, trade_date, code, name, close, close_change, settle, settle_change, open,
                                 high, low, hl_diff, amplitude, pre_close, pre_settle, deal_vol, hold_vol, exchange,
                                 create_time, update_time, remark)
VALUES (196, 'PB', '2021-08-09', 'PB2110', '铅2110', 15530.00, -1.83, 15580.00, -1.83, 15780.00, 15780.00, 15450.00,
        330.00, 2.09, null, 15820.00, 28778, 34441, '沪', '2021-08-09 15:09:13', '2021-08-09 15:09:13', '');
INSERT INTO future.future_daily (id, symbol, trade_date, code, name, close, close_change, settle, settle_change, open,
                                 high, low, hl_diff, amplitude, pre_close, pre_settle, deal_vol, hold_vol, exchange,
                                 create_time, update_time, remark)
VALUES (198, 'PF', '2021-08-09', 'PF2201', '短纤2201', 7418.00, -0.75, 7450.00, -0.75, 7524.00, 7562.00, 7398.00, 164.00,
        2.17, null, 7474.00, 30351, 37015, '郑', '2021-08-09 15:09:13', '2021-08-09 15:09:13', '');
INSERT INTO future.future_daily (id, symbol, trade_date, code, name, close, close_change, settle, settle_change, open,
                                 high, low, hl_diff, amplitude, pre_close, pre_settle, deal_vol, hold_vol, exchange,
                                 create_time, update_time, remark)
VALUES (200, 'PG', '2021-08-09', 'PG2110', '液化石油气2110', 4943.00, 0.65, 4948.00, 0.65, 4954.00, 5010.00, 4882.00, 128.00,
        2.55, null, 4911.00, 29047, 40827, '连', '2021-08-09 15:09:13', '2021-08-09 15:09:13', '');
INSERT INTO future.future_daily (id, symbol, trade_date, code, name, close, close_change, settle, settle_change, open,
                                 high, low, hl_diff, amplitude, pre_close, pre_settle, deal_vol, hold_vol, exchange,
                                 create_time, update_time, remark)
VALUES (202, 'PK', '2021-08-09', 'PK2110', '花生2110', 9132.00, 0.37, 9112.00, 0.37, 9064.00, 9150.00, 9052.00, 98.00,
        1.07, null, 9098.00, 39997, 75113, '郑', '2021-08-09 15:09:13', '2021-08-09 15:09:13', '');
INSERT INTO future.future_daily (id, symbol, trade_date, code, name, close, close_change, settle, settle_change, open,
                                 high, low, hl_diff, amplitude, pre_close, pre_settle, deal_vol, hold_vol, exchange,
                                 create_time, update_time, remark)
VALUES (204, 'PP', '2021-08-09', 'PP2201', '聚丙烯2201', 8250.00, -0.18, 8263.00, -0.18, 8272.00, 8326.00, 8181.00, 145.00,
        1.74, null, 8265.00, 154929, 161616, '连', '2021-08-09 15:09:13', '2021-08-09 15:09:13', '');
INSERT INTO future.future_daily (id, symbol, trade_date, code, name, close, close_change, settle, settle_change, open,
                                 high, low, hl_diff, amplitude, pre_close, pre_settle, deal_vol, hold_vol, exchange,
                                 create_time, update_time, remark)
VALUES (206, 'RB', '2021-08-09', 'RB2110', '螺纹钢2110', 5330.00, -0.89, 5333.00, -0.89, 5370.00, 5389.00, 5261.00, 128.00,
        2.38, null, 5378.00, 1257656, 866210, '沪', '2021-08-09 15:09:13', '2021-08-09 15:09:13', '');
INSERT INTO future.future_daily (id, symbol, trade_date, code, name, close, close_change, settle, settle_change, open,
                                 high, low, hl_diff, amplitude, pre_close, pre_settle, deal_vol, hold_vol, exchange,
                                 create_time, update_time, remark)
VALUES (208, 'RM', '2021-08-09', 'RM2201', '菜粕2201', 2908.00, 2.29, 2881.00, 2.29, 2857.00, 2913.00, 2841.00, 72.00,
        2.47, null, 2843.00, 431982, 296613, '郑', '2021-08-09 15:09:13', '2021-08-09 15:09:13', '');
INSERT INTO future.future_daily (id, symbol, trade_date, code, name, close, close_change, settle, settle_change, open,
                                 high, low, hl_diff, amplitude, pre_close, pre_settle, deal_vol, hold_vol, exchange,
                                 create_time, update_time, remark)
VALUES (210, 'RU', '2021-08-09', 'RU2201', '天然橡胶2201', 14835.00, 0.44, 14920.00, 0.44, 14950.00, 15105.00, 14750.00,
        355.00, 2.35, null, 14770.00, 350723, 164027, '沪', '2021-08-09 15:09:13', '2021-08-09 15:09:13', '');
INSERT INTO future.future_daily (id, symbol, trade_date, code, name, close, close_change, settle, settle_change, open,
                                 high, low, hl_diff, amplitude, pre_close, pre_settle, deal_vol, hold_vol, exchange,
                                 create_time, update_time, remark)
VALUES (212, 'SA', '2021-08-09', 'SA2201', '纯碱2201', 2633.00, 2.05, 2625.00, 2.05, 2630.00, 2645.00, 2592.00, 53.00,
        2.00, null, 2580.00, 436924, 374152, '郑', '2021-08-09 15:09:13', '2021-08-09 15:09:13', '');
INSERT INTO future.future_daily (id, symbol, trade_date, code, name, close, close_change, settle, settle_change, open,
                                 high, low, hl_diff, amplitude, pre_close, pre_settle, deal_vol, hold_vol, exchange,
                                 create_time, update_time, remark)
VALUES (214, 'SC', '2021-08-09', 'SC2110', '上海原油2110', 419.90, -2.55, 426.90, -2.55, 437.30, 441.00, 417.90, 23.10,
        5.24, null, 430.90, 49480, 30120, '沪', '2021-08-09 15:09:13', '2021-08-09 15:09:13', '');
INSERT INTO future.future_daily (id, symbol, trade_date, code, name, close, close_change, settle, settle_change, open,
                                 high, low, hl_diff, amplitude, pre_close, pre_settle, deal_vol, hold_vol, exchange,
                                 create_time, update_time, remark)
VALUES (216, 'SF', '2021-08-09', 'SF2111', '硅铁2111', 8902.00, 0.75, 8914.00, 0.75, 8910.00, 9032.00, 8822.00, 210.00,
        2.33, null, 8836.00, 23435, 13671, '郑', '2021-08-09 15:09:13', '2021-08-09 15:09:13', '');
INSERT INTO future.future_daily (id, symbol, trade_date, code, name, close, close_change, settle, settle_change, open,
                                 high, low, hl_diff, amplitude, pre_close, pre_settle, deal_vol, hold_vol, exchange,
                                 create_time, update_time, remark)
VALUES (218, 'SM', '2021-08-09', 'SM2111', '锰硅2111', 7840.00, 0.93, 7850.00, 0.93, 7800.00, 7920.00, 7766.00, 154.00,
        1.94, null, 7768.00, 15163, 13757, '郑', '2021-08-09 15:09:13', '2021-08-09 15:09:13', '');
INSERT INTO future.future_daily (id, symbol, trade_date, code, name, close, close_change, settle, settle_change, open,
                                 high, low, hl_diff, amplitude, pre_close, pre_settle, deal_vol, hold_vol, exchange,
                                 create_time, update_time, remark)
VALUES (220, 'SN', '2021-08-09', 'SN2110', '锡2110', 227300.00, -0.48, 228480.00, -0.48, 229660.00, 230480.00, 226700.00,
        3780.00, 1.64, null, 228400.00, 13201, 12379, '沪', '2021-08-09 15:09:13', '2021-08-09 15:09:13', '');
INSERT INTO future.future_daily (id, symbol, trade_date, code, name, close, close_change, settle, settle_change, open,
                                 high, low, hl_diff, amplitude, pre_close, pre_settle, deal_vol, hold_vol, exchange,
                                 create_time, update_time, remark)
VALUES (222, 'SP', '2021-08-09', 'SP2110', '纸浆2110', 6240.00, -0.35, 6244.00, -0.35, 6212.00, 6298.00, 6182.00, 116.00,
        1.84, null, 6262.00, 66163, 89745, '沪', '2021-08-09 15:09:13', '2021-08-09 15:09:13', '');
INSERT INTO future.future_daily (id, symbol, trade_date, code, name, close, close_change, settle, settle_change, open,
                                 high, low, hl_diff, amplitude, pre_close, pre_settle, deal_vol, hold_vol, exchange,
                                 create_time, update_time, remark)
VALUES (224, 'SR', '2021-08-09', 'SR2201', '白糖2201', 5935.00, 0.83, 5922.00, 0.83, 5928.00, 5936.00, 5897.00, 39.00,
        0.66, null, 5886.00, 138523, 269907, '郑', '2021-08-09 15:09:13', '2021-08-09 15:09:13', '');
INSERT INTO future.future_daily (id, symbol, trade_date, code, name, close, close_change, settle, settle_change, open,
                                 high, low, hl_diff, amplitude, pre_close, pre_settle, deal_vol, hold_vol, exchange,
                                 create_time, update_time, remark)
VALUES (226, 'SS', '2021-08-09', 'SS2110', '不锈钢2110', 17890.00, -3.74, 18230.00, -3.74, 18600.00, 18700.00, 17805.00,
        895.00, 4.79, null, 18585.00, 37713, 23438, '沪', '2021-08-09 15:09:13', '2021-08-09 15:09:13', '');
INSERT INTO future.future_daily (id, symbol, trade_date, code, name, close, close_change, settle, settle_change, open,
                                 high, low, hl_diff, amplitude, pre_close, pre_settle, deal_vol, hold_vol, exchange,
                                 create_time, update_time, remark)
VALUES (228, 'TA', '2021-08-09', 'TA2201', 'PTA2201', 5260.00, -0.87, 5304.00, -0.87, 5420.00, 5446.00, 5192.00, 254.00,
        4.66, null, 5306.00, 2267504, 1432103, '郑', '2021-08-09 15:09:13', '2021-08-09 15:09:13', '');
INSERT INTO future.future_daily (id, symbol, trade_date, code, name, close, close_change, settle, settle_change, open,
                                 high, low, hl_diff, amplitude, pre_close, pre_settle, deal_vol, hold_vol, exchange,
                                 create_time, update_time, remark)
VALUES (230, 'UR', '2021-08-09', 'UR2201', '尿素2201', 2411.00, -0.12, 2399.00, -0.12, 2400.00, 2419.00, 2375.00, 44.00,
        1.82, null, 2414.00, 26830, 46315, '郑', '2021-08-09 15:09:13', '2021-08-09 15:09:13', '');
INSERT INTO future.future_daily (id, symbol, trade_date, code, name, close, close_change, settle, settle_change, open,
                                 high, low, hl_diff, amplitude, pre_close, pre_settle, deal_vol, hold_vol, exchange,
                                 create_time, update_time, remark)
VALUES (232, 'V', '2021-08-09', 'V2201', 'PVC2201', 8790.00, 0.00, 8800.00, 0.00, 8845.00, 8855.00, 8765.00, 90.00,
        1.02, null, 8790.00, 64598, 117452, '连', '2021-08-09 15:09:13', '2021-08-09 15:09:13', '');
INSERT INTO future.future_daily (id, symbol, trade_date, code, name, close, close_change, settle, settle_change, open,
                                 high, low, hl_diff, amplitude, pre_close, pre_settle, deal_vol, hold_vol, exchange,
                                 create_time, update_time, remark)
VALUES (234, 'Y', '2021-08-09', 'Y2201', '豆油2201', 8680.00, 1.24, 8666.00, 1.24, 8652.00, 8736.00, 8604.00, 132.00,
        1.51, null, 8574.00, 204689, 246977, '连', '2021-08-09 15:09:13', '2021-08-09 15:09:13', '');
INSERT INTO future.future_daily (id, symbol, trade_date, code, name, close, close_change, settle, settle_change, open,
                                 high, low, hl_diff, amplitude, pre_close, pre_settle, deal_vol, hold_vol, exchange,
                                 create_time, update_time, remark)
VALUES (236, 'ZC', '2021-08-09', 'ZC2201', '动力煤2201', 769.60, -0.36, 766.00, -0.36, 767.60, 773.80, 756.00, 17.80, 2.30,
        null, 772.40, 23765, 56670, '郑', '2021-08-09 15:09:13', '2021-08-09 15:09:13', '');
INSERT INTO future.future_daily (id, symbol, trade_date, code, name, close, close_change, settle, settle_change, open,
                                 high, low, hl_diff, amplitude, pre_close, pre_settle, deal_vol, hold_vol, exchange,
                                 create_time, update_time, remark)
VALUES (238, 'ZN', '2021-08-09', 'ZN2110', '沪锌2110', 22390.00, -0.13, 22355.00, -0.13, 22450.00, 22485.00, 22250.00,
        235.00, 1.05, null, 22420.00, 63783, 46395, '沪', '2021-08-09 15:09:13', '2021-08-09 15:09:13', '');
INSERT INTO future.future_daily (id, symbol, trade_date, code, name, close, close_change, settle, settle_change, open,
                                 high, low, hl_diff, amplitude, pre_close, pre_settle, deal_vol, hold_vol, exchange,
                                 create_time, update_time, remark)
VALUES (240, 'A', '2021-08-11', 'A2201', '豆一2201', 5774.00, 0.68, 5761.14, 0.68, 5721.00, 5792.00, 5713.00, 79.00, 1.36,
        5721.00, 0.00, 7776, 38445, '连', '2021-08-10 15:01:00', '2021-08-11 03:08:00', 'update current date');
INSERT INTO future.future_daily (id, symbol, trade_date, code, name, close, close_change, settle, settle_change, open,
                                 high, low, hl_diff, amplitude, pre_close, pre_settle, deal_vol, hold_vol, exchange,
                                 create_time, update_time, remark)
VALUES (241, 'AG', '2021-08-11', 'AG2201', '白银2201', 5076.00, -0.16, 5065.36, -0.16, 5038.00, 5092.00, 5032.00, 60.00,
        1.18, 5093.00, 5084.00, 27260, 29460, '沪', '2021-08-10 15:01:00', '2021-08-11 03:08:00', 'update current date');
INSERT INTO future.future_daily (id, symbol, trade_date, code, name, close, close_change, settle, settle_change, open,
                                 high, low, hl_diff, amplitude, pre_close, pre_settle, deal_vol, hold_vol, exchange,
                                 create_time, update_time, remark)
VALUES (242, 'AL', '2021-08-11', 'AL2110', '铝2110', 20135.00, 1.41, 20055.74, 1.41, 20060.00, 20165.00, 19950.00,
        215.00, 1.07, 19940.00, 19855.00, 51460, 156897, '沪', '2021-08-10 15:01:01', '2021-08-11 03:08:00',
        'update current date');
INSERT INTO future.future_daily (id, symbol, trade_date, code, name, close, close_change, settle, settle_change, open,
                                 high, low, hl_diff, amplitude, pre_close, pre_settle, deal_vol, hold_vol, exchange,
                                 create_time, update_time, remark)
VALUES (243, 'AP', '2021-08-11', 'AP2110', '苹果2110', 5976.00, -0.32, 5961.00, -0.32, 5940.00, 5995.00, 5920.00, 75.00,
        1.25, 5976.00, 5961.00, 140163, 215766, '郑', '2021-08-10 15:01:01', '2021-08-11 03:08:00',
        'update current date');
INSERT INTO future.future_daily (id, symbol, trade_date, code, name, close, close_change, settle, settle_change, open,
                                 high, low, hl_diff, amplitude, pre_close, pre_settle, deal_vol, hold_vol, exchange,
                                 create_time, update_time, remark)
VALUES (244, 'AU', '2021-08-11', 'AU2112', '黄金2112', 363.22, -0.21, 362.33, -0.21, 362.82, 363.70, 360.80, 2.90, 0.80,
        363.92, 364.00, 85836, 184363, '沪', '2021-08-10 15:01:01', '2021-08-11 03:08:00', 'update current date');
INSERT INTO future.future_daily (id, symbol, trade_date, code, name, close, close_change, settle, settle_change, open,
                                 high, low, hl_diff, amplitude, pre_close, pre_settle, deal_vol, hold_vol, exchange,
                                 create_time, update_time, remark)
VALUES (245, 'B', '2021-08-11', 'B2201', '豆二2201', 4362.00, 0.21, 4366.65, 0.21, 4360.00, 4377.00, 4358.00, 19.00, 0.43,
        4366.00, 0.00, 453, 2106, '连', '2021-08-10 15:01:01', '2021-08-11 03:08:00', 'update current date');
INSERT INTO future.future_daily (id, symbol, trade_date, code, name, close, close_change, settle, settle_change, open,
                                 high, low, hl_diff, amplitude, pre_close, pre_settle, deal_vol, hold_vol, exchange,
                                 create_time, update_time, remark)
VALUES (246, 'BU', '2021-08-11', 'BU2112', '沥青2112', 3244.00, 1.12, 3234.61, 1.12, 3222.00, 3250.00, 3216.00, 34.00,
        1.05, 3230.00, 3208.00, 53900, 185488, '沪', '2021-08-10 15:01:01', '2021-08-11 03:08:00',
        'update current date');
INSERT INTO future.future_daily (id, symbol, trade_date, code, name, close, close_change, settle, settle_change, open,
                                 high, low, hl_diff, amplitude, pre_close, pre_settle, deal_vol, hold_vol, exchange,
                                 create_time, update_time, remark)
VALUES (247, 'C', '2021-08-11', 'C2201', '玉米2201', 2549.00, -0.12, 2546.33, -0.12, 2541.00, 2552.00, 2538.00, 14.00,
        0.55, 2541.00, 0.00, 56304, 360864, '连', '2021-08-10 15:01:01', '2021-08-11 03:08:00', 'update current date');
INSERT INTO future.future_daily (id, symbol, trade_date, code, name, close, close_change, settle, settle_change, open,
                                 high, low, hl_diff, amplitude, pre_close, pre_settle, deal_vol, hold_vol, exchange,
                                 create_time, update_time, remark)
VALUES (248, 'CF', '2021-08-11', 'CF2201', '棉花2201', 17840.00, 0.39, 17890.00, 0.39, 17970.00, 17975.00, 17795.00,
        180.00, 1.00, 17870.00, 17770.00, 125452, 424284, '郑', '2021-08-10 15:01:01', '2021-08-11 03:08:00',
        'update current date');
INSERT INTO future.future_daily (id, symbol, trade_date, code, name, close, close_change, settle, settle_change, open,
                                 high, low, hl_diff, amplitude, pre_close, pre_settle, deal_vol, hold_vol, exchange,
                                 create_time, update_time, remark)
VALUES (249, 'CJ', '2021-08-11', 'CJ2201', '红枣2201', 13080.00, 2.11, 13005.00, 2.11, 12720.00, 13190.00, 12720.00,
        470.00, 3.56, 13080.00, 13005.00, 129030, 88808, '郑', '2021-08-10 15:01:01', '2021-08-11 03:08:00',
        'update current date');
INSERT INTO future.future_daily (id, symbol, trade_date, code, name, close, close_change, settle, settle_change, open,
                                 high, low, hl_diff, amplitude, pre_close, pre_settle, deal_vol, hold_vol, exchange,
                                 create_time, update_time, remark)
VALUES (250, 'CU', '2021-08-11', 'CU2110', '铜2110', 70100.00, 1.15, 69988.78, 1.15, 69510.00, 70480.00, 69400.00,
        1080.00, 1.53, 69570.00, 69300.00, 26453, 80795, '沪', '2021-08-10 15:01:01', '2021-08-11 03:08:00',
        'update current date');
INSERT INTO future.future_daily (id, symbol, trade_date, code, name, close, close_change, settle, settle_change, open,
                                 high, low, hl_diff, amplitude, pre_close, pre_settle, deal_vol, hold_vol, exchange,
                                 create_time, update_time, remark)
VALUES (251, 'EB', '2021-08-11', 'EB2110', '苯乙烯2110', 8646.00, 1.35, 8579.58, 1.35, 8520.00, 8649.00, 8500.00, 149.00,
        1.72, 8589.00, 0.00, 42603, 115873, '连', '2021-08-10 15:01:01', '2021-08-11 03:08:00', 'update current date');
INSERT INTO future.future_daily (id, symbol, trade_date, code, name, close, close_change, settle, settle_change, open,
                                 high, low, hl_diff, amplitude, pre_close, pre_settle, deal_vol, hold_vol, exchange,
                                 create_time, update_time, remark)
VALUES (252, 'EG', '2021-08-11', 'EG2201', '乙二醇2201', 5203.00, 0.13, 5206.22, 0.13, 5194.00, 5230.00, 5177.00, 53.00,
        1.01, 5185.00, 0.00, 21730, 85537, '连', '2021-08-10 15:01:02', '2021-08-11 03:08:00', 'update current date');
INSERT INTO future.future_daily (id, symbol, trade_date, code, name, close, close_change, settle, settle_change, open,
                                 high, low, hl_diff, amplitude, pre_close, pre_settle, deal_vol, hold_vol, exchange,
                                 create_time, update_time, remark)
VALUES (253, 'FG', '2021-08-11', 'FG2201', '玻璃2201', 2854.00, 1.31, 2854.00, 1.31, 2859.00, 2867.00, 2844.00, 23.00,
        0.80, 2868.00, 2817.00, 93122, 335317, '郑', '2021-08-10 15:01:02', '2021-08-11 03:08:00',
        'update current date');
INSERT INTO future.future_daily (id, symbol, trade_date, code, name, close, close_change, settle, settle_change, open,
                                 high, low, hl_diff, amplitude, pre_close, pre_settle, deal_vol, hold_vol, exchange,
                                 create_time, update_time, remark)
VALUES (254, 'FU', '2021-08-11', 'FU2201', '燃料油2201', 2514.00, 2.36, 2493.77, 2.36, 2473.00, 2516.00, 2471.00, 45.00,
        1.79, 2479.00, 2456.00, 210603, 197791, '沪', '2021-08-10 15:01:02', '2021-08-11 03:08:00',
        'update current date');
INSERT INTO future.future_daily (id, symbol, trade_date, code, name, close, close_change, settle, settle_change, open,
                                 high, low, hl_diff, amplitude, pre_close, pre_settle, deal_vol, hold_vol, exchange,
                                 create_time, update_time, remark)
VALUES (255, 'HC', '2021-08-11', 'HC2110', '热轧卷板2110', 5926.00, 2.08, 5890.67, 2.08, 5813.00, 5927.00, 5810.00, 117.00,
        1.97, 5856.00, 5805.00, 150067, 433894, '沪', '2021-08-10 15:01:02', '2021-08-11 03:08:01',
        'update current date');
INSERT INTO future.future_daily (id, symbol, trade_date, code, name, close, close_change, settle, settle_change, open,
                                 high, low, hl_diff, amplitude, pre_close, pre_settle, deal_vol, hold_vol, exchange,
                                 create_time, update_time, remark)
VALUES (256, 'I', '2021-08-11', 'I2201', '铁矿石2201', 866.50, 3.09, 859.83, 3.09, 850.00, 869.50, 850.00, 19.50, 2.24,
        853.00, 0.00, 196882, 440558, '连', '2021-08-10 15:01:02', '2021-08-11 03:08:01', 'update current date');
INSERT INTO future.future_daily (id, symbol, trade_date, code, name, close, close_change, settle, settle_change, open,
                                 high, low, hl_diff, amplitude, pre_close, pre_settle, deal_vol, hold_vol, exchange,
                                 create_time, update_time, remark)
VALUES (257, 'J', '2021-08-11', 'J2201', '焦炭2201', 2952.00, 2.88, 2930.35, 2.88, 2905.00, 2954.50, 2893.00, 61.50, 2.08,
        2893.00, 0.00, 45368, 75577, '连', '2021-08-10 15:01:02', '2021-08-11 03:08:01', 'update current date');
INSERT INTO future.future_daily (id, symbol, trade_date, code, name, close, close_change, settle, settle_change, open,
                                 high, low, hl_diff, amplitude, pre_close, pre_settle, deal_vol, hold_vol, exchange,
                                 create_time, update_time, remark)
VALUES (258, 'JM', '2021-08-11', 'JM2201', '焦煤2201', 2237.50, 1.31, 2229.07, 1.31, 2200.00, 2242.00, 2200.00, 42.00,
        1.87, 2198.00, 0.00, 90257, 141570, '连', '2021-08-10 15:01:02', '2021-08-11 03:08:01', 'update current date');
INSERT INTO future.future_daily (id, symbol, trade_date, code, name, close, close_change, settle, settle_change, open,
                                 high, low, hl_diff, amplitude, pre_close, pre_settle, deal_vol, hold_vol, exchange,
                                 create_time, update_time, remark)
VALUES (259, 'L', '2021-08-11', 'L2201', '塑料2201', 8225.00, 1.11, 8238.95, 1.11, 8190.00, 8270.00, 8190.00, 80.00, 0.97,
        8220.00, 0.00, 43342, 146348, '连', '2021-08-10 15:01:02', '2021-08-11 03:08:01', 'update current date');
INSERT INTO future.future_daily (id, symbol, trade_date, code, name, close, close_change, settle, settle_change, open,
                                 high, low, hl_diff, amplitude, pre_close, pre_settle, deal_vol, hold_vol, exchange,
                                 create_time, update_time, remark)
VALUES (260, 'M', '2021-08-11', 'M2201', '豆粕2201', 3580.00, 0.06, 3586.37, 0.06, 3584.00, 3597.00, 3575.00, 22.00, 0.61,
        3591.00, 0.00, 283923, 927845, '连', '2021-08-10 15:01:02', '2021-08-11 03:08:01', 'update current date');
INSERT INTO future.future_daily (id, symbol, trade_date, code, name, close, close_change, settle, settle_change, open,
                                 high, low, hl_diff, amplitude, pre_close, pre_settle, deal_vol, hold_vol, exchange,
                                 create_time, update_time, remark)
VALUES (261, 'MA', '2021-08-11', 'MA2201', '甲醇2201', 2791.00, 2.31, 2783.00, 2.31, 2756.00, 2808.00, 2748.00, 60.00,
        2.14, 2756.00, 2728.00, 167436, 439104, '郑', '2021-08-10 15:01:02', '2021-08-11 03:08:01',
        'update current date');
INSERT INTO future.future_daily (id, symbol, trade_date, code, name, close, close_change, settle, settle_change, open,
                                 high, low, hl_diff, amplitude, pre_close, pre_settle, deal_vol, hold_vol, exchange,
                                 create_time, update_time, remark)
VALUES (262, 'NI', '2021-08-11', 'NI2110', '镍2110', 140800.00, 1.49, 140238.84, 1.49, 139260.00, 141270.00, 139040.00,
        2230.00, 1.58, 139810.00, 138730.00, 30528, 64474, '沪', '2021-08-10 15:01:02', '2021-08-11 03:08:01',
        'update current date');
INSERT INTO future.future_daily (id, symbol, trade_date, code, name, close, close_change, settle, settle_change, open,
                                 high, low, hl_diff, amplitude, pre_close, pre_settle, deal_vol, hold_vol, exchange,
                                 create_time, update_time, remark)
VALUES (263, 'OI', '2021-08-11', 'OI2201', '菜油2201', 10354.00, 1.50, 10303.00, 1.50, 10267.00, 10374.00, 10234.00,
        140.00, 1.35, 10268.00, 10201.00, 84002, 135408, '郑', '2021-08-10 15:01:02', '2021-08-11 03:08:01',
        'update current date');
INSERT INTO future.future_daily (id, symbol, trade_date, code, name, close, close_change, settle, settle_change, open,
                                 high, low, hl_diff, amplitude, pre_close, pre_settle, deal_vol, hold_vol, exchange,
                                 create_time, update_time, remark)
VALUES (264, 'P', '2021-08-11', 'P2201', '棕榈油2201', 7976.00, 1.81, 7940.94, 1.81, 7900.00, 7992.00, 7882.00, 110.00,
        1.38, 7902.00, 0.00, 78492, 187292, '连', '2021-08-10 15:01:02', '2021-08-11 03:08:01', 'update current date');
INSERT INTO future.future_daily (id, symbol, trade_date, code, name, close, close_change, settle, settle_change, open,
                                 high, low, hl_diff, amplitude, pre_close, pre_settle, deal_vol, hold_vol, exchange,
                                 create_time, update_time, remark)
VALUES (265, 'PB', '2021-08-11', 'PB2110', '铅2110', 15550.00, 0.39, 15527.89, 0.39, 15575.00, 15585.00, 15430.00,
        155.00, 0.99, 15560.00, 15490.00, 8460, 35581, '沪', '2021-08-10 15:01:02', '2021-08-11 03:08:01',
        'update current date');
INSERT INTO future.future_daily (id, symbol, trade_date, code, name, close, close_change, settle, settle_change, open,
                                 high, low, hl_diff, amplitude, pre_close, pre_settle, deal_vol, hold_vol, exchange,
                                 create_time, update_time, remark)
VALUES (266, 'PF', '2021-08-11', 'PF2201', '短纤2201', 7442.00, 0.11, 7454.00, 0.11, 7450.00, 7478.00, 7434.00, 44.00,
        0.59, 7454.00, 7434.00, 8705, 40497, '郑', '2021-08-10 15:01:02', '2021-08-11 03:08:01', 'update current date');
INSERT INTO future.future_daily (id, symbol, trade_date, code, name, close, close_change, settle, settle_change, open,
                                 high, low, hl_diff, amplitude, pre_close, pre_settle, deal_vol, hold_vol, exchange,
                                 create_time, update_time, remark)
VALUES (267, 'PG', '2021-08-11', 'PG2110', '液化石油气2110', 5120.00, 2.42, 5081.36, 2.42, 5085.00, 5122.00, 5050.00, 72.00,
        1.41, 5069.00, 0.00, 10288, 46870, '连', '2021-08-10 15:01:02', '2021-08-11 03:08:01', 'update current date');
INSERT INTO future.future_daily (id, symbol, trade_date, code, name, close, close_change, settle, settle_change, open,
                                 high, low, hl_diff, amplitude, pre_close, pre_settle, deal_vol, hold_vol, exchange,
                                 create_time, update_time, remark)
VALUES (268, 'PK', '2021-08-11', 'PK2110', '花生2110', 9104.00, -0.09, 9162.00, -0.09, 9144.00, 9246.00, 9082.00, 164.00,
        1.77, 9104.00, 9162.00, 80206, 75465, '郑', '2021-08-10 15:01:02', '2021-08-11 03:08:01', 'update current date');
INSERT INTO future.future_daily (id, symbol, trade_date, code, name, close, close_change, settle, settle_change, open,
                                 high, low, hl_diff, amplitude, pre_close, pre_settle, deal_vol, hold_vol, exchange,
                                 create_time, update_time, remark)
VALUES (269, 'PP', '2021-08-11', 'PP2201', '聚丙烯2201', 8415.00, 1.35, 8407.98, 1.35, 8375.00, 8440.00, 8375.00, 65.00,
        0.77, 8389.00, 0.00, 53553, 163651, '连', '2021-08-10 15:01:02', '2021-08-11 03:08:01', 'update current date');
INSERT INTO future.future_daily (id, symbol, trade_date, code, name, close, close_change, settle, settle_change, open,
                                 high, low, hl_diff, amplitude, pre_close, pre_settle, deal_vol, hold_vol, exchange,
                                 create_time, update_time, remark)
VALUES (270, 'RB', '2021-08-11', 'RB2110', '螺纹钢2110', 5493.00, 2.12, 5475.47, 2.12, 5440.00, 5498.00, 5436.00, 62.00,
        1.13, 5437.00, 5379.00, 342542, 737467, '沪', '2021-08-10 15:01:02', '2021-08-11 03:08:01',
        'update current date');
INSERT INTO future.future_daily (id, symbol, trade_date, code, name, close, close_change, settle, settle_change, open,
                                 high, low, hl_diff, amplitude, pre_close, pre_settle, deal_vol, hold_vol, exchange,
                                 create_time, update_time, remark)
VALUES (271, 'RM', '2021-08-11', 'RM2201', '菜粕2201', 2921.00, -0.03, 2927.00, -0.03, 2930.00, 2937.00, 2915.00, 22.00,
        0.75, 2934.00, 2922.00, 151512, 315194, '郑', '2021-08-10 15:01:02', '2021-08-11 03:08:01',
        'update current date');
INSERT INTO future.future_daily (id, symbol, trade_date, code, name, close, close_change, settle, settle_change, open,
                                 high, low, hl_diff, amplitude, pre_close, pre_settle, deal_vol, hold_vol, exchange,
                                 create_time, update_time, remark)
VALUES (272, 'RU', '2021-08-11', 'RU2201', '天然橡胶2201', 14830.00, -0.13, 14842.10, -0.13, 14905.00, 14910.00, 14805.00,
        105.00, 0.70, 14910.00, 14850.00, 97524, 185743, '沪', '2021-08-10 15:01:02', '2021-08-11 03:08:01',
        'update current date');
INSERT INTO future.future_daily (id, symbol, trade_date, code, name, close, close_change, settle, settle_change, open,
                                 high, low, hl_diff, amplitude, pre_close, pre_settle, deal_vol, hold_vol, exchange,
                                 create_time, update_time, remark)
VALUES (273, 'SA', '2021-08-11', 'SA2201', '纯碱2201', 2657.00, 0.34, 2651.00, 0.34, 2661.00, 2675.00, 2641.00, 34.00,
        1.27, 2656.00, 2648.00, 132512, 374085, '郑', '2021-08-10 15:01:02', '2021-08-11 03:08:01',
        'update current date');
INSERT INTO future.future_daily (id, symbol, trade_date, code, name, close, close_change, settle, settle_change, open,
                                 high, low, hl_diff, amplitude, pre_close, pre_settle, deal_vol, hold_vol, exchange,
                                 create_time, update_time, remark)
VALUES (274, 'SC', '2021-08-11', 'SC2110', '上海原油2110', 431.40, 2.64, 430.24, 2.64, 425.30, 434.00, 424.00, 10.00, 2.30,
        426.50, 420.30, 28103, 31605, '沪', '2021-08-10 15:01:02', '2021-08-11 03:08:01', 'update current date');
INSERT INTO future.future_daily (id, symbol, trade_date, code, name, close, close_change, settle, settle_change, open,
                                 high, low, hl_diff, amplitude, pre_close, pre_settle, deal_vol, hold_vol, exchange,
                                 create_time, update_time, remark)
VALUES (275, 'SF', '2021-08-11', 'SF2111', '硅铁2111', 9018.00, 1.17, 8988.00, 1.17, 8944.00, 9050.00, 8922.00, 128.00,
        1.41, 9018.00, 8988.00, 16583, 13769, '郑', '2021-08-10 15:01:02', '2021-08-11 03:08:01', 'update current date');
INSERT INTO future.future_daily (id, symbol, trade_date, code, name, close, close_change, settle, settle_change, open,
                                 high, low, hl_diff, amplitude, pre_close, pre_settle, deal_vol, hold_vol, exchange,
                                 create_time, update_time, remark)
VALUES (276, 'SM', '2021-08-11', 'SM2111', '锰硅2111', 7868.00, 0.23, 7858.00, 0.23, 7838.00, 7898.00, 7818.00, 80.00,
        1.01, 7868.00, 7858.00, 11960, 14202, '郑', '2021-08-10 15:01:02', '2021-08-11 03:08:01', 'update current date');
INSERT INTO future.future_daily (id, symbol, trade_date, code, name, close, close_change, settle, settle_change, open,
                                 high, low, hl_diff, amplitude, pre_close, pre_settle, deal_vol, hold_vol, exchange,
                                 create_time, update_time, remark)
VALUES (277, 'SN', '2021-08-11', 'SN2110', '锡2110', 234880.00, 1.90, 234996.95, 1.90, 234110.00, 236130.00, 233740.00,
        2390.00, 1.01, 233740.00, 230510.00, 7835, 13588, '沪', '2021-08-10 15:01:02', '2021-08-11 03:08:01',
        'update current date');
INSERT INTO future.future_daily (id, symbol, trade_date, code, name, close, close_change, settle, settle_change, open,
                                 high, low, hl_diff, amplitude, pre_close, pre_settle, deal_vol, hold_vol, exchange,
                                 create_time, update_time, remark)
VALUES (278, 'SP', '2021-08-11', 'SP2110', '纸浆2110', 6266.00, -0.35, 6286.73, -0.35, 6298.00, 6312.00, 6250.00, 62.00,
        0.98, 6276.00, 6288.00, 17261, 91402, '沪', '2021-08-10 15:01:02', '2021-08-11 03:08:01', 'update current date');
INSERT INTO future.future_daily (id, symbol, trade_date, code, name, close, close_change, settle, settle_change, open,
                                 high, low, hl_diff, amplitude, pre_close, pre_settle, deal_vol, hold_vol, exchange,
                                 create_time, update_time, remark)
VALUES (279, 'SR', '2021-08-11', 'SR2201', '白糖2201', 5947.00, 0.88, 5948.00, 0.88, 5950.00, 5970.00, 5924.00, 46.00,
        0.77, 5883.00, 5895.00, 111701, 296467, '郑', '2021-08-10 15:01:03', '2021-08-11 03:08:01',
        'update current date');
INSERT INTO future.future_daily (id, symbol, trade_date, code, name, close, close_change, settle, settle_change, open,
                                 high, low, hl_diff, amplitude, pre_close, pre_settle, deal_vol, hold_vol, exchange,
                                 create_time, update_time, remark)
VALUES (280, 'SS', '2021-08-11', 'SS2110', '不锈钢2110', 18110.00, 1.00, 18058.39, 1.00, 18040.00, 18160.00, 17905.00,
        255.00, 1.40, 18085.00, 17930.00, 9525, 24693, '沪', '2021-08-10 15:01:03', '2021-08-11 03:08:01',
        'update current date');
INSERT INTO future.future_daily (id, symbol, trade_date, code, name, close, close_change, settle, settle_change, open,
                                 high, low, hl_diff, amplitude, pre_close, pre_settle, deal_vol, hold_vol, exchange,
                                 create_time, update_time, remark)
VALUES (281, 'TA', '2021-08-11', 'TA2201', 'PTA2201', 5320.00, 0.87, 5310.00, 0.87, 5290.00, 5344.00, 5272.00, 72.00,
        1.35, 5294.00, 5274.00, 756321, 1486037, '郑', '2021-08-10 15:01:03', '2021-08-11 03:08:01',
        'update current date');
INSERT INTO future.future_daily (id, symbol, trade_date, code, name, close, close_change, settle, settle_change, open,
                                 high, low, hl_diff, amplitude, pre_close, pre_settle, deal_vol, hold_vol, exchange,
                                 create_time, update_time, remark)
VALUES (282, 'UR', '2021-08-11', 'UR2201', '尿素2201', 2444.00, 1.88, 2428.00, 1.88, 2397.00, 2445.00, 2397.00, 48.00,
        1.96, 2444.00, 2428.00, 27965, 47909, '郑', '2021-08-10 15:01:03', '2021-08-11 03:08:01', 'update current date');
INSERT INTO future.future_daily (id, symbol, trade_date, code, name, close, close_change, settle, settle_change, open,
                                 high, low, hl_diff, amplitude, pre_close, pre_settle, deal_vol, hold_vol, exchange,
                                 create_time, update_time, remark)
VALUES (283, 'V', '2021-08-11', 'V2201', 'PVC2201', 8895.00, 0.79, 8904.54, 0.79, 8935.00, 8935.00, 8880.00, 55.00,
        0.62, 8895.00, 0.00, 22366, 130391, '连', '2021-08-10 15:01:03', '2021-08-11 03:08:01', 'update current date');
INSERT INTO future.future_daily (id, symbol, trade_date, code, name, close, close_change, settle, settle_change, open,
                                 high, low, hl_diff, amplitude, pre_close, pre_settle, deal_vol, hold_vol, exchange,
                                 create_time, update_time, remark)
VALUES (284, 'Y', '2021-08-11', 'Y2201', '豆油2201', 8786.00, 1.34, 8756.78, 1.34, 8710.00, 8804.00, 8710.00, 94.00, 1.07,
        8730.00, 0.00, 89148, 269806, '连', '2021-08-10 15:01:03', '2021-08-11 03:08:01', 'update current date');
INSERT INTO future.future_daily (id, symbol, trade_date, code, name, close, close_change, settle, settle_change, open,
                                 high, low, hl_diff, amplitude, pre_close, pre_settle, deal_vol, hold_vol, exchange,
                                 create_time, update_time, remark)
VALUES (285, 'ZC', '2021-08-11', 'ZC2201', '动力煤2201', 794.60, 1.40, 793.20, 1.40, 790.80, 796.20, 790.00, 6.20, 0.78,
        790.60, 783.60, 7749, 62711, '郑', '2021-08-10 15:01:03', '2021-08-11 03:08:01', 'update current date');
INSERT INTO future.future_daily (id, symbol, trade_date, code, name, close, close_change, settle, settle_change, open,
                                 high, low, hl_diff, amplitude, pre_close, pre_settle, deal_vol, hold_vol, exchange,
                                 create_time, update_time, remark)
VALUES (286, 'ZN', '2021-08-11', 'ZN2110', '沪锌2110', 22470.00, 0.78, 22438.57, 0.78, 22495.00, 22530.00, 22350.00,
        180.00, 0.80, 22420.00, 22295.00, 25682, 47363, '沪', '2021-08-10 15:01:03', '2021-08-11 03:08:01',
        'update current date');
INSERT INTO future.future_daily (id, symbol, trade_date, code, name, close, close_change, settle, settle_change, open,
                                 high, low, hl_diff, amplitude, pre_close, pre_settle, deal_vol, hold_vol, exchange,
                                 create_time, update_time, remark)
VALUES (287, 'A', '2021-08-10', 'A2201', '豆一2201', 5721.00, -1.04, 5735.00, -1.04, 5718.00, 5765.00, 5711.00, 54.00,
        0.94, 5727.00, 5781.00, 21040, 39327, '连', '2021-08-10 15:31:03', '2021-08-10 15:31:03', '');
INSERT INTO future.future_daily (id, symbol, trade_date, code, name, close, close_change, settle, settle_change, open,
                                 high, low, hl_diff, amplitude, pre_close, pre_settle, deal_vol, hold_vol, exchange,
                                 create_time, update_time, remark)
VALUES (288, 'AG', '2021-08-10', 'AG2201', '白银2201', 5093.00, -1.05, 5084.00, -1.05, 5112.00, 5140.00, 5018.00, 122.00,
        2.37, 5119.00, 5147.00, 53347, 28874, '沪', '2021-08-10 15:31:03', '2021-08-10 15:31:03', '');
INSERT INTO future.future_daily (id, symbol, trade_date, code, name, close, close_change, settle, settle_change, open,
                                 high, low, hl_diff, amplitude, pre_close, pre_settle, deal_vol, hold_vol, exchange,
                                 create_time, update_time, remark)
VALUES (289, 'AL', '2021-08-10', 'AL2110', '铝2110', 19940.00, 0.15, 19855.00, 0.15, 19750.00, 19965.00, 19730.00,
        235.00, 1.18, 19900.00, 19910.00, 67472, 149502, '沪', '2021-08-10 15:31:03', '2021-08-10 15:31:03', '');
INSERT INTO future.future_daily (id, symbol, trade_date, code, name, close, close_change, settle, settle_change, open,
                                 high, low, hl_diff, amplitude, pre_close, pre_settle, deal_vol, hold_vol, exchange,
                                 create_time, update_time, remark)
VALUES (290, 'AP', '2021-08-10', 'AP2110', '苹果2110', 5976.00, -0.32, 5961.00, -0.32, 5940.00, 5995.00, 5920.00, 75.00,
        1.25, 5967.00, 5995.00, 140163, 215766, '郑', '2021-08-10 15:31:03', '2021-08-10 15:31:03', '');
INSERT INTO future.future_daily (id, symbol, trade_date, code, name, close, close_change, settle, settle_change, open,
                                 high, low, hl_diff, amplitude, pre_close, pre_settle, deal_vol, hold_vol, exchange,
                                 create_time, update_time, remark)
VALUES (291, 'AU', '2021-08-10', 'AU2112', '黄金2112', 363.92, -0.96, 364.00, -0.96, 364.88, 365.94, 362.16, 3.78, 1.03,
        365.60, 367.46, 140271, 182514, '沪', '2021-08-10 15:31:03', '2021-08-10 15:31:03', '');
INSERT INTO future.future_daily (id, symbol, trade_date, code, name, close, close_change, settle, settle_change, open,
                                 high, low, hl_diff, amplitude, pre_close, pre_settle, deal_vol, hold_vol, exchange,
                                 create_time, update_time, remark)
VALUES (292, 'B', '2021-08-10', 'B2201', '豆二2201', 4366.00, 0.81, 4353.00, 0.81, 4331.00, 4376.00, 4325.00, 51.00, 1.17,
        4345.00, 4331.00, 1114, 2076, '连', '2021-08-10 15:31:03', '2021-08-10 15:31:03', '');
INSERT INTO future.future_daily (id, symbol, trade_date, code, name, close, close_change, settle, settle_change, open,
                                 high, low, hl_diff, amplitude, pre_close, pre_settle, deal_vol, hold_vol, exchange,
                                 create_time, update_time, remark)
VALUES (293, 'BU', '2021-08-10', 'BU2112', '沥青2112', 3230.00, -0.80, 3208.00, -0.80, 3180.00, 3244.00, 3158.00, 86.00,
        2.65, 3206.00, 3256.00, 137047, 180275, '沪', '2021-08-10 15:31:03', '2021-08-10 15:31:03', '');
INSERT INTO future.future_daily (id, symbol, trade_date, code, name, close, close_change, settle, settle_change, open,
                                 high, low, hl_diff, amplitude, pre_close, pre_settle, deal_vol, hold_vol, exchange,
                                 create_time, update_time, remark)
VALUES (294, 'C', '2021-08-10', 'C2201', '玉米2201', 2541.00, -0.94, 2552.00, -0.94, 2562.00, 2566.00, 2541.00, 25.00,
        0.97, 2565.00, 2565.00, 207088, 360660, '连', '2021-08-10 15:31:03', '2021-08-10 15:31:03', '');
INSERT INTO future.future_daily (id, symbol, trade_date, code, name, close, close_change, settle, settle_change, open,
                                 high, low, hl_diff, amplitude, pre_close, pre_settle, deal_vol, hold_vol, exchange,
                                 create_time, update_time, remark)
VALUES (295, 'CF', '2021-08-10', 'CF2201', '棉花2201', 17870.00, 0.70, 17770.00, 0.70, 17680.00, 17940.00, 17620.00,
        320.00, 1.78, 17725.00, 17745.00, 335941, 422172, '郑', '2021-08-10 15:31:03', '2021-08-10 15:31:03', '');
INSERT INTO future.future_daily (id, symbol, trade_date, code, name, close, close_change, settle, settle_change, open,
                                 high, low, hl_diff, amplitude, pre_close, pre_settle, deal_vol, hold_vol, exchange,
                                 create_time, update_time, remark)
VALUES (296, 'CJ', '2021-08-10', 'CJ2201', '红枣2201', 13080.00, 2.11, 13005.00, 2.11, 12720.00, 13190.00, 12720.00,
        470.00, 3.56, 12900.00, 12810.00, 129030, 88808, '郑', '2021-08-10 15:31:03', '2021-08-10 15:31:03', '');
INSERT INTO future.future_daily (id, symbol, trade_date, code, name, close, close_change, settle, settle_change, open,
                                 high, low, hl_diff, amplitude, pre_close, pre_settle, deal_vol, hold_vol, exchange,
                                 create_time, update_time, remark)
VALUES (297, 'CU', '2021-08-10', 'CU2110', '铜2110', 69570.00, -0.20, 69300.00, -0.20, 68610.00, 69800.00, 68510.00,
        1290.00, 1.85, 69480.00, 69710.00, 50590, 79333, '沪', '2021-08-10 15:31:03', '2021-08-10 15:31:03', '');
INSERT INTO future.future_daily (id, symbol, trade_date, code, name, close, close_change, settle, settle_change, open,
                                 high, low, hl_diff, amplitude, pre_close, pre_settle, deal_vol, hold_vol, exchange,
                                 create_time, update_time, remark)
VALUES (298, 'EB', '2021-08-10', 'EB2110', '苯乙烯2110', 8589.00, 1.17, 8531.00, 1.17, 8388.00, 8623.00, 8388.00, 235.00,
        2.73, 8459.00, 8490.00, 70235, 109156, '连', '2021-08-10 15:31:03', '2021-08-10 15:31:03', '');
INSERT INTO future.future_daily (id, symbol, trade_date, code, name, close, close_change, settle, settle_change, open,
                                 high, low, hl_diff, amplitude, pre_close, pre_settle, deal_vol, hold_vol, exchange,
                                 create_time, update_time, remark)
VALUES (299, 'EG', '2021-08-10', 'EG2201', '乙二醇2201', 5185.00, -0.96, 5196.00, -0.96, 5218.00, 5251.00, 5150.00, 101.00,
        1.92, 5251.00, 5235.00, 56121, 84279, '连', '2021-08-10 15:31:03', '2021-08-10 15:31:03', '');
INSERT INTO future.future_daily (id, symbol, trade_date, code, name, close, close_change, settle, settle_change, open,
                                 high, low, hl_diff, amplitude, pre_close, pre_settle, deal_vol, hold_vol, exchange,
                                 create_time, update_time, remark)
VALUES (300, 'FG', '2021-08-10', 'FG2201', '玻璃2201', 2868.00, 4.29, 2817.00, 4.29, 2751.00, 2872.00, 2747.00, 125.00,
        4.35, 2764.00, 2750.00, 354054, 337529, '郑', '2021-08-10 15:31:03', '2021-08-10 15:31:03', '');
INSERT INTO future.future_daily (id, symbol, trade_date, code, name, close, close_change, settle, settle_change, open,
                                 high, low, hl_diff, amplitude, pre_close, pre_settle, deal_vol, hold_vol, exchange,
                                 create_time, update_time, remark)
VALUES (301, 'FU', '2021-08-10', 'FU2201', '燃料油2201', 2479.00, -0.40, 2456.00, -0.40, 2438.00, 2487.00, 2433.00, 54.00,
        2.17, 2464.00, 2489.00, 378972, 193921, '沪', '2021-08-10 15:31:03', '2021-08-10 15:31:03', '');
INSERT INTO future.future_daily (id, symbol, trade_date, code, name, close, close_change, settle, settle_change, open,
                                 high, low, hl_diff, amplitude, pre_close, pre_settle, deal_vol, hold_vol, exchange,
                                 create_time, update_time, remark)
VALUES (302, 'HC', '2021-08-10', 'HC2110', '热轧卷板2110', 5856.00, 2.20, 5805.00, 2.20, 5777.00, 5863.00, 5738.00, 125.00,
        2.13, 5746.00, 5730.00, 553499, 452799, '沪', '2021-08-10 15:31:03', '2021-08-10 15:31:03', '');
INSERT INTO future.future_daily (id, symbol, trade_date, code, name, close, close_change, settle, settle_change, open,
                                 high, low, hl_diff, amplitude, pre_close, pre_settle, deal_vol, hold_vol, exchange,
                                 create_time, update_time, remark)
VALUES (303, 'I', '2021-08-10', 'I2201', '铁矿石2201', 853.00, -1.33, 840.50, -1.33, 845.00, 855.50, 823.00, 32.50, 3.80,
        852.50, 864.50, 518289, 443641, '连', '2021-08-10 15:31:03', '2021-08-10 15:31:03', '');
INSERT INTO future.future_daily (id, symbol, trade_date, code, name, close, close_change, settle, settle_change, open,
                                 high, low, hl_diff, amplitude, pre_close, pre_settle, deal_vol, hold_vol, exchange,
                                 create_time, update_time, remark)
VALUES (304, 'J', '2021-08-10', 'J2201', '焦炭2201', 2893.00, 3.77, 2869.50, 3.77, 2780.00, 2913.50, 2775.00, 138.50,
        4.75, 2809.00, 2788.00, 116377, 68944, '连', '2021-08-10 15:31:03', '2021-08-10 15:31:03', '');
INSERT INTO future.future_daily (id, symbol, trade_date, code, name, close, close_change, settle, settle_change, open,
                                 high, low, hl_diff, amplitude, pre_close, pre_settle, deal_vol, hold_vol, exchange,
                                 create_time, update_time, remark)
VALUES (305, 'JM', '2021-08-10', 'JM2201', '焦煤2201', 2198.00, 2.71, 2208.50, 2.71, 2151.50, 2249.00, 2145.50, 103.50,
        4.60, 2159.50, 2140.00, 263129, 129620, '连', '2021-08-10 15:31:03', '2021-08-10 15:31:03', '');
INSERT INTO future.future_daily (id, symbol, trade_date, code, name, close, close_change, settle, settle_change, open,
                                 high, low, hl_diff, amplitude, pre_close, pre_settle, deal_vol, hold_vol, exchange,
                                 create_time, update_time, remark)
VALUES (306, 'L', '2021-08-10', 'L2201', '塑料2201', 8220.00, 1.80, 8135.00, 1.80, 8065.00, 8220.00, 8060.00, 160.00,
        1.95, 8090.00, 8075.00, 137369, 145498, '连', '2021-08-10 15:31:03', '2021-08-10 15:31:03', '');
INSERT INTO future.future_daily (id, symbol, trade_date, code, name, close, close_change, settle, settle_change, open,
                                 high, low, hl_diff, amplitude, pre_close, pre_settle, deal_vol, hold_vol, exchange,
                                 create_time, update_time, remark)
VALUES (307, 'M', '2021-08-10', 'M2201', '豆粕2201', 3591.00, 0.84, 3578.00, 0.84, 3561.00, 3595.00, 3559.00, 36.00, 1.00,
        3572.00, 3561.00, 530320, 905191, '连', '2021-08-10 15:31:03', '2021-08-10 15:31:03', '');
INSERT INTO future.future_daily (id, symbol, trade_date, code, name, close, close_change, settle, settle_change, open,
                                 high, low, hl_diff, amplitude, pre_close, pre_settle, deal_vol, hold_vol, exchange,
                                 create_time, update_time, remark)
VALUES (308, 'MA', '2021-08-10', 'MA2201', '甲醇2201', 2756.00, 1.06, 2728.00, 1.06, 2704.00, 2758.00, 2702.00, 56.00,
        2.03, 2713.00, 2727.00, 258513, 418509, '郑', '2021-08-10 15:31:03', '2021-08-10 15:31:03', '');
INSERT INTO future.future_daily (id, symbol, trade_date, code, name, close, close_change, settle, settle_change, open,
                                 high, low, hl_diff, amplitude, pre_close, pre_settle, deal_vol, hold_vol, exchange,
                                 create_time, update_time, remark)
VALUES (309, 'NI', '2021-08-10', 'NI2110', '镍2110', 139810.00, -1.39, 138730.00, -1.39, 138780.00, 140030.00, 137780.00,
        2250.00, 1.61, 139870.00, 141780.00, 59414, 63761, '沪', '2021-08-10 15:31:03', '2021-08-10 15:31:03', '');
INSERT INTO future.future_daily (id, symbol, trade_date, code, name, close, close_change, settle, settle_change, open,
                                 high, low, hl_diff, amplitude, pre_close, pre_settle, deal_vol, hold_vol, exchange,
                                 create_time, update_time, remark)
VALUES (310, 'OI', '2021-08-10', 'OI2201', '菜油2201', 10268.00, 0.18, 10201.00, 0.18, 10144.00, 10295.00, 10108.00,
        187.00, 1.82, 10245.00, 10250.00, 197568, 134173, '郑', '2021-08-10 15:31:03', '2021-08-10 15:31:03', '');
INSERT INTO future.future_daily (id, symbol, trade_date, code, name, close, close_change, settle, settle_change, open,
                                 high, low, hl_diff, amplitude, pre_close, pre_settle, deal_vol, hold_vol, exchange,
                                 create_time, update_time, remark)
VALUES (311, 'P', '2021-08-10', 'P2201', '棕榈油2201', 7902.00, 1.05, 7834.00, 1.05, 7748.00, 7918.00, 7690.00, 228.00,
        2.88, 7848.00, 7820.00, 210002, 183999, '连', '2021-08-10 15:31:03', '2021-08-10 15:31:03', '');
INSERT INTO future.future_daily (id, symbol, trade_date, code, name, close, close_change, settle, settle_change, open,
                                 high, low, hl_diff, amplitude, pre_close, pre_settle, deal_vol, hold_vol, exchange,
                                 create_time, update_time, remark)
VALUES (312, 'PB', '2021-08-10', 'PB2110', '铅2110', 15560.00, -0.13, 15490.00, -0.13, 15470.00, 15590.00, 15395.00,
        195.00, 1.25, 15530.00, 15580.00, 24554, 35678, '沪', '2021-08-10 15:31:03', '2021-08-10 15:31:03', '');
INSERT INTO future.future_daily (id, symbol, trade_date, code, name, close, close_change, settle, settle_change, open,
                                 high, low, hl_diff, amplitude, pre_close, pre_settle, deal_vol, hold_vol, exchange,
                                 create_time, update_time, remark)
VALUES (313, 'PF', '2021-08-10', 'PF2201', '短纤2201', 7454.00, 0.05, 7434.00, 0.05, 7374.00, 7468.00, 7354.00, 114.00,
        1.53, 7418.00, 7450.00, 19478, 40273, '郑', '2021-08-10 15:31:03', '2021-08-10 15:31:03', '');
INSERT INTO future.future_daily (id, symbol, trade_date, code, name, close, close_change, settle, settle_change, open,
                                 high, low, hl_diff, amplitude, pre_close, pre_settle, deal_vol, hold_vol, exchange,
                                 create_time, update_time, remark)
VALUES (314, 'PG', '2021-08-10', 'PG2110', '液化石油气2110', 5069.00, 2.45, 4999.00, 2.45, 4874.00, 5079.00, 4874.00, 205.00,
        4.04, 4943.00, 4948.00, 35771, 45890, '连', '2021-08-10 15:31:03', '2021-08-10 15:31:03', '');
INSERT INTO future.future_daily (id, symbol, trade_date, code, name, close, close_change, settle, settle_change, open,
                                 high, low, hl_diff, amplitude, pre_close, pre_settle, deal_vol, hold_vol, exchange,
                                 create_time, update_time, remark)
VALUES (315, 'PK', '2021-08-10', 'PK2110', '花生2110', 9104.00, -0.09, 9162.00, -0.09, 9144.00, 9246.00, 9082.00, 164.00,
        1.77, 9132.00, 9112.00, 80206, 75465, '郑', '2021-08-10 15:31:03', '2021-08-10 15:31:03', '');
INSERT INTO future.future_daily (id, symbol, trade_date, code, name, close, close_change, settle, settle_change, open,
                                 high, low, hl_diff, amplitude, pre_close, pre_settle, deal_vol, hold_vol, exchange,
                                 create_time, update_time, remark)
VALUES (316, 'PP', '2021-08-10', 'PP2201', '聚丙烯2201', 8389.00, 1.52, 8303.00, 1.52, 8203.00, 8400.00, 8203.00, 197.00,
        2.35, 8250.00, 8263.00, 145341, 164179, '连', '2021-08-10 15:31:03', '2021-08-10 15:31:03', '');
INSERT INTO future.future_daily (id, symbol, trade_date, code, name, close, close_change, settle, settle_change, open,
                                 high, low, hl_diff, amplitude, pre_close, pre_settle, deal_vol, hold_vol, exchange,
                                 create_time, update_time, remark)
VALUES (317, 'RB', '2021-08-10', 'RB2110', '螺纹钢2110', 5437.00, 1.95, 5379.00, 1.95, 5360.00, 5445.00, 5321.00, 124.00,
        2.28, 5330.00, 5333.00, 1116740, 809003, '沪', '2021-08-10 15:31:03', '2021-08-10 15:31:03', '');
INSERT INTO future.future_daily (id, symbol, trade_date, code, name, close, close_change, settle, settle_change, open,
                                 high, low, hl_diff, amplitude, pre_close, pre_settle, deal_vol, hold_vol, exchange,
                                 create_time, update_time, remark)
VALUES (318, 'RM', '2021-08-10', 'RM2201', '菜粕2201', 2934.00, 1.84, 2922.00, 1.84, 2908.00, 2938.00, 2895.00, 43.00,
        1.46, 2908.00, 2881.00, 364434, 308261, '郑', '2021-08-10 15:31:03', '2021-08-10 15:31:03', '');
INSERT INTO future.future_daily (id, symbol, trade_date, code, name, close, close_change, settle, settle_change, open,
                                 high, low, hl_diff, amplitude, pre_close, pre_settle, deal_vol, hold_vol, exchange,
                                 create_time, update_time, remark)
VALUES (319, 'RU', '2021-08-10', 'RU2201', '天然橡胶2201', 14910.00, -0.07, 14850.00, -0.07, 14765.00, 14955.00, 14690.00,
        265.00, 1.77, 14835.00, 14920.00, 358377, 179575, '沪', '2021-08-10 15:31:03', '2021-08-10 15:31:03', '');
INSERT INTO future.future_daily (id, symbol, trade_date, code, name, close, close_change, settle, settle_change, open,
                                 high, low, hl_diff, amplitude, pre_close, pre_settle, deal_vol, hold_vol, exchange,
                                 create_time, update_time, remark)
VALUES (320, 'SA', '2021-08-10', 'SA2201', '纯碱2201', 2656.00, 1.18, 2648.00, 1.18, 2626.00, 2667.00, 2620.00, 47.00,
        1.76, 2633.00, 2625.00, 365006, 380697, '郑', '2021-08-10 15:31:04', '2021-08-10 15:31:04', '');
INSERT INTO future.future_daily (id, symbol, trade_date, code, name, close, close_change, settle, settle_change, open,
                                 high, low, hl_diff, amplitude, pre_close, pre_settle, deal_vol, hold_vol, exchange,
                                 create_time, update_time, remark)
VALUES (321, 'SC', '2021-08-10', 'SC2110', '上海原油2110', 426.50, -0.09, 420.30, -0.09, 415.80, 427.00, 415.50, 11.50,
        2.69, 419.90, 426.90, 45639, 31707, '沪', '2021-08-10 15:31:04', '2021-08-10 15:31:04', '');
INSERT INTO future.future_daily (id, symbol, trade_date, code, name, close, close_change, settle, settle_change, open,
                                 high, low, hl_diff, amplitude, pre_close, pre_settle, deal_vol, hold_vol, exchange,
                                 create_time, update_time, remark)
VALUES (322, 'SF', '2021-08-10', 'SF2111', '硅铁2111', 9018.00, 1.17, 8988.00, 1.17, 8944.00, 9050.00, 8922.00, 128.00,
        1.41, 8902.00, 8914.00, 16583, 13769, '郑', '2021-08-10 15:31:04', '2021-08-10 15:31:04', '');
INSERT INTO future.future_daily (id, symbol, trade_date, code, name, close, close_change, settle, settle_change, open,
                                 high, low, hl_diff, amplitude, pre_close, pre_settle, deal_vol, hold_vol, exchange,
                                 create_time, update_time, remark)
VALUES (323, 'SM', '2021-08-10', 'SM2111', '锰硅2111', 7868.00, 0.23, 7858.00, 0.23, 7838.00, 7898.00, 7818.00, 80.00,
        1.01, 7840.00, 7850.00, 11960, 14202, '郑', '2021-08-10 15:31:04', '2021-08-10 15:31:04', '');
INSERT INTO future.future_daily (id, symbol, trade_date, code, name, close, close_change, settle, settle_change, open,
                                 high, low, hl_diff, amplitude, pre_close, pre_settle, deal_vol, hold_vol, exchange,
                                 create_time, update_time, remark)
VALUES (324, 'SN', '2021-08-10', 'SN2110', '锡2110', 233740.00, 2.30, 230510.00, 2.30, 227110.00, 234120.00, 226270.00,
        7850.00, 3.35, 227300.00, 228480.00, 16779, 13464, '沪', '2021-08-10 15:31:04', '2021-08-10 15:31:04', '');
INSERT INTO future.future_daily (id, symbol, trade_date, code, name, close, close_change, settle, settle_change, open,
                                 high, low, hl_diff, amplitude, pre_close, pre_settle, deal_vol, hold_vol, exchange,
                                 create_time, update_time, remark)
VALUES (325, 'SP', '2021-08-10', 'SP2110', '纸浆2110', 6276.00, 0.51, 6288.00, 0.51, 6232.00, 6372.00, 6220.00, 152.00,
        2.39, 6240.00, 6244.00, 78478, 91749, '沪', '2021-08-10 15:31:04', '2021-08-10 15:31:04', '');
INSERT INTO future.future_daily (id, symbol, trade_date, code, name, close, close_change, settle, settle_change, open,
                                 high, low, hl_diff, amplitude, pre_close, pre_settle, deal_vol, hold_vol, exchange,
                                 create_time, update_time, remark)
VALUES (326, 'SR', '2021-08-10', 'SR2201', '白糖2201', 5883.00, -0.66, 5895.00, -0.66, 5901.00, 5917.00, 5876.00, 41.00,
        0.69, 5935.00, 5922.00, 177742, 279791, '郑', '2021-08-10 15:31:04', '2021-08-10 15:31:04', '');
INSERT INTO future.future_daily (id, symbol, trade_date, code, name, close, close_change, settle, settle_change, open,
                                 high, low, hl_diff, amplitude, pre_close, pre_settle, deal_vol, hold_vol, exchange,
                                 create_time, update_time, remark)
VALUES (327, 'SS', '2021-08-10', 'SS2110', '不锈钢2110', 18085.00, -0.80, 17930.00, -0.80, 17755.00, 18130.00, 17755.00,
        375.00, 2.07, 17890.00, 18230.00, 23245, 24098, '沪', '2021-08-10 15:31:04', '2021-08-10 15:31:04', '');
INSERT INTO future.future_daily (id, symbol, trade_date, code, name, close, close_change, settle, settle_change, open,
                                 high, low, hl_diff, amplitude, pre_close, pre_settle, deal_vol, hold_vol, exchange,
                                 create_time, update_time, remark)
VALUES (328, 'TA', '2021-08-10', 'TA2201', 'PTA2201', 5294.00, -0.19, 5274.00, -0.19, 5220.00, 5336.00, 5190.00, 146.00,
        2.74, 5260.00, 5304.00, 2172399, 1474096, '郑', '2021-08-10 15:31:04', '2021-08-10 15:31:04', '');
INSERT INTO future.future_daily (id, symbol, trade_date, code, name, close, close_change, settle, settle_change, open,
                                 high, low, hl_diff, amplitude, pre_close, pre_settle, deal_vol, hold_vol, exchange,
                                 create_time, update_time, remark)
VALUES (329, 'UR', '2021-08-10', 'UR2201', '尿素2201', 2444.00, 1.88, 2428.00, 1.88, 2397.00, 2445.00, 2397.00, 48.00,
        1.96, 2411.00, 2399.00, 27965, 47909, '郑', '2021-08-10 15:31:04', '2021-08-10 15:31:04', '');
INSERT INTO future.future_daily (id, symbol, trade_date, code, name, close, close_change, settle, settle_change, open,
                                 high, low, hl_diff, amplitude, pre_close, pre_settle, deal_vol, hold_vol, exchange,
                                 create_time, update_time, remark)
VALUES (330, 'V', '2021-08-10', 'V2201', 'PVC2201', 8895.00, 1.08, 8825.00, 1.08, 8730.00, 8900.00, 8730.00, 170.00,
        1.91, 8790.00, 8800.00, 81455, 126253, '连', '2021-08-10 15:31:05', '2021-08-10 15:31:05', '');
INSERT INTO future.future_daily (id, symbol, trade_date, code, name, close, close_change, settle, settle_change, open,
                                 high, low, hl_diff, amplitude, pre_close, pre_settle, deal_vol, hold_vol, exchange,
                                 create_time, update_time, remark)
VALUES (331, 'Y', '2021-08-10', 'Y2201', '豆油2201', 8730.00, 0.74, 8670.00, 0.74, 8580.00, 8744.00, 8538.00, 206.00,
        2.36, 8680.00, 8666.00, 222913, 257239, '连', '2021-08-10 15:31:05', '2021-08-10 15:31:05', '');
INSERT INTO future.future_daily (id, symbol, trade_date, code, name, close, close_change, settle, settle_change, open,
                                 high, low, hl_diff, amplitude, pre_close, pre_settle, deal_vol, hold_vol, exchange,
                                 create_time, update_time, remark)
VALUES (332, 'ZC', '2021-08-10', 'ZC2201', '动力煤2201', 790.60, 3.21, 783.60, 3.21, 766.20, 797.00, 765.00, 32.00, 4.02,
        769.60, 766.00, 36514, 61157, '郑', '2021-08-10 15:31:05', '2021-08-10 15:31:05', '');
INSERT INTO future.future_daily (id, symbol, trade_date, code, name, close, close_change, settle, settle_change, open,
                                 high, low, hl_diff, amplitude, pre_close, pre_settle, deal_vol, hold_vol, exchange,
                                 create_time, update_time, remark)
VALUES (333, 'ZN', '2021-08-10', 'ZN2110', '沪锌2110', 22420.00, 0.29, 22295.00, 0.29, 22200.00, 22430.00, 22190.00,
        240.00, 1.07, 22390.00, 22355.00, 54859, 45669, '沪', '2021-08-10 15:31:05', '2021-08-10 15:31:05', '');

INSERT INTO future.open_gap (trade_date, code, name, category, pre_close, open, gap_rate, remark, buy_low, sell_high,
                             create_time)
VALUES ('2021-08-11', 'AG2201', '白银', '贵金属', 5093.00, 5038.00, -1.08, '', 5017.80, 5114.40, '2021-08-10 21:00:11');
INSERT INTO future.open_gap (trade_date, code, name, category, pre_close, open, gap_rate, remark, buy_low, sell_high,
                             create_time)
VALUES ('2021-08-10', 'AL2110', '铝', '有色', 19900.00, 19750.00, -0.75, '', 19601.90, 20049.30, '2021-08-10 11:54:32');
INSERT INTO future.open_gap (trade_date, code, name, category, pre_close, open, gap_rate, remark, buy_low, sell_high,
                             create_time)
VALUES ('2021-08-11', 'AL2110', '铝', '有色', 19940.00, 20060.00, 0.60, '日跳高 +0.48%', 19940.00, 20264.60,
        '2021-08-10 21:00:11');
INSERT INTO future.open_gap (trade_date, code, name, category, pre_close, open, gap_rate, remark, buy_low, sell_high,
                             create_time)
VALUES ('2021-08-10', 'BU2112', '沥青', '油化工', 3206.00, 3180.00, -0.81, '', 3154.20, 3228.10, '2021-08-10 11:54:32');
INSERT INTO future.open_gap (trade_date, code, name, category, pre_close, open, gap_rate, remark, buy_low, sell_high,
                             create_time)
VALUES ('2021-08-11', 'CF2201', '棉花', '农产品', 17870.00, 17970.00, 0.56, '日跳高 +0.17%', 17870.00, 18209.00,
        '2021-08-10 21:00:11');
INSERT INTO future.open_gap (trade_date, code, name, category, pre_close, open, gap_rate, remark, buy_low, sell_high,
                             create_time)
VALUES ('2021-08-10', 'CJ2201', '红枣', '农产品', 12900.00, 12720.00, -1.40, '', 12541.90, 12912.90, '2021-08-10 11:54:32');
INSERT INTO future.open_gap (trade_date, code, name, category, pre_close, open, gap_rate, remark, buy_low, sell_high,
                             create_time)
VALUES ('2021-08-10', 'CU2110', '铜', '有色', 69480.00, 68610.00, -1.25, '', 67752.40, 69653.70, '2021-08-10 11:54:32');
INSERT INTO future.open_gap (trade_date, code, name, category, pre_close, open, gap_rate, remark, buy_low, sell_high,
                             create_time)
VALUES ('2021-08-10', 'EB2110', '苯乙烯', '化工', 8459.00, 8388.00, -0.84, '', 8317.50, 8514.80, '2021-08-10 11:54:32');
INSERT INTO future.open_gap (trade_date, code, name, category, pre_close, open, gap_rate, remark, buy_low, sell_high,
                             create_time)
VALUES ('2021-08-11', 'EB2110', '苯乙烯', '化工', 8589.00, 8520.00, -0.80, '', 8485.90, 8649.10, '2021-08-10 21:00:11');
INSERT INTO future.open_gap (trade_date, code, name, category, pre_close, open, gap_rate, remark, buy_low, sell_high,
                             create_time)
VALUES ('2021-08-10', 'EG2201', '乙二醇', '聚酯', 5251.00, 5218.00, -0.63, '', 5185.10, 5296.70, '2021-08-10 11:54:32');
INSERT INTO future.open_gap (trade_date, code, name, category, pre_close, open, gap_rate, remark, buy_low, sell_high,
                             create_time)
VALUES ('2021-08-10', 'FU2201', '燃料油', '油化工', 2464.00, 2438.00, -1.06, '', 2412.20, 2474.80, '2021-08-10 11:54:32');
INSERT INTO future.open_gap (trade_date, code, name, category, pre_close, open, gap_rate, remark, buy_low, sell_high,
                             create_time)
VALUES ('2021-08-10', 'HC2110', '热轧卷板', '钢铁', 5746.00, 5777.00, 0.54, '', 5746.00, 5832.50, '2021-08-10 11:54:32');
INSERT INTO future.open_gap (trade_date, code, name, category, pre_close, open, gap_rate, remark, buy_low, sell_high,
                             create_time)
VALUES ('2021-08-11', 'HC2110', '热轧卷板', '钢铁', 5856.00, 5813.00, -0.73, '', 5789.70, 5901.10, '2021-08-10 21:00:11');
INSERT INTO future.open_gap (trade_date, code, name, category, pre_close, open, gap_rate, remark, buy_low, sell_high,
                             create_time)
VALUES ('2021-08-10', 'I2201', '铁矿石', '黑色', 852.50, 845.00, -0.88, '', 837.60, 857.80, '2021-08-10 11:54:32');
INSERT INTO future.open_gap (trade_date, code, name, category, pre_close, open, gap_rate, remark, buy_low, sell_high,
                             create_time)
VALUES ('2021-08-10', 'J2201', '焦炭', '煤炭', 2809.00, 2780.00, -1.03, '', 2751.40, 2822.20, '2021-08-10 11:54:32');
INSERT INTO future.open_gap (trade_date, code, name, category, pre_close, open, gap_rate, remark, buy_low, sell_high,
                             create_time)
VALUES ('2021-08-10', 'NI2110', '镍', '有色', 139870.00, 138780.00, -0.78, '', 137697.50, 140877.10,
        '2021-08-10 11:54:32');
INSERT INTO future.open_gap (trade_date, code, name, category, pre_close, open, gap_rate, remark, buy_low, sell_high,
                             create_time)
VALUES ('2021-08-10', 'OI2201', '菜油', '油脂', 10245.00, 10144.00, -0.99, '', 10043.60, 10297.20, '2021-08-10 11:54:32');
INSERT INTO future.open_gap (trade_date, code, name, category, pre_close, open, gap_rate, remark, buy_low, sell_high,
                             create_time)
VALUES ('2021-08-10', 'P2201', '棕榈油', '油脂', 7848.00, 7748.00, -1.27, '', 7649.60, 7866.10, '2021-08-10 11:54:32');
INSERT INTO future.open_gap (trade_date, code, name, category, pre_close, open, gap_rate, remark, buy_low, sell_high,
                             create_time)
VALUES ('2021-08-10', 'PF2201', '短纤', '聚酯', 7418.00, 7374.00, -0.59, '', 7330.50, 7485.50, '2021-08-10 11:54:32');
INSERT INTO future.open_gap (trade_date, code, name, category, pre_close, open, gap_rate, remark, buy_low, sell_high,
                             create_time)
VALUES ('2021-08-10', 'PG2110', '液化石油气', '油化工', 4943.00, 4874.00, -1.40, '', 4805.80, 4947.90, '2021-08-10 11:54:32');
INSERT INTO future.open_gap (trade_date, code, name, category, pre_close, open, gap_rate, remark, buy_low, sell_high,
                             create_time)
VALUES ('2021-08-10', 'PP2201', '聚丙烯', '塑料', 8250.00, 8203.00, -0.57, '', 8156.20, 8326.70, '2021-08-10 11:54:32');
INSERT INTO future.open_gap (trade_date, code, name, category, pre_close, open, gap_rate, remark, buy_low, sell_high,
                             create_time)
VALUES ('2021-08-10', 'RB2110', '螺纹钢', '钢铁', 5330.00, 5360.00, 0.56, '', 5330.00, 5410.40, '2021-08-10 11:54:32');
INSERT INTO future.open_gap (trade_date, code, name, category, pre_close, open, gap_rate, remark, buy_low, sell_high,
                             create_time)
VALUES ('2021-08-10', 'SC2110', '上海原油', '油化工', 419.90, 415.80, -0.98, '', 411.70, 422.10, '2021-08-10 11:54:32');
INSERT INTO future.open_gap (trade_date, code, name, category, pre_close, open, gap_rate, remark, buy_low, sell_high,
                             create_time)
VALUES ('2021-08-11', 'SF2111', '硅铁', '黑色', 9018.00, 9138.00, 1.33, '日跳高 +0.97%', 9018.00, 9186.40,
        '2021-08-11 11:37:27');
INSERT INTO future.open_gap (trade_date, code, name, category, pre_close, open, gap_rate, remark, buy_low, sell_high,
                             create_time)
VALUES ('2021-08-10', 'SR2201', '白糖', '农产品', 5935.00, 5901.00, -0.57, '', 5867.40, 5990.20, '2021-08-10 11:54:32');
INSERT INTO future.open_gap (trade_date, code, name, category, pre_close, open, gap_rate, remark, buy_low, sell_high,
                             create_time)
VALUES ('2021-08-11', 'SR2201', '白糖', '农产品', 5883.00, 5950.00, 1.14, '日跳高 +0.56%', 5883.00, 6005.90,
        '2021-08-10 21:00:11');
INSERT INTO future.open_gap (trade_date, code, name, category, pre_close, open, gap_rate, remark, buy_low, sell_high,
                             create_time)
VALUES ('2021-08-10', 'SS2110', '不锈钢', '钢铁', 17890.00, 17755.00, -0.75, '', 17621.80, 18024.20, '2021-08-10 11:54:32');
INSERT INTO future.open_gap (trade_date, code, name, category, pre_close, open, gap_rate, remark, buy_low, sell_high,
                             create_time)
VALUES ('2021-08-10', 'TA2201', 'PTA', '聚酯', 5260.00, 5220.00, -0.76, '', 5180.30, 5298.90, '2021-08-10 11:54:32');
INSERT INTO future.open_gap (trade_date, code, name, category, pre_close, open, gap_rate, remark, buy_low, sell_high,
                             create_time)
VALUES ('2021-08-10', 'UR2201', '尿素', '化工', 2411.00, 2397.00, -0.58, '', 2383.10, 2433.20, '2021-08-10 11:54:32');
INSERT INTO future.open_gap (trade_date, code, name, category, pre_close, open, gap_rate, remark, buy_low, sell_high,
                             create_time)
VALUES ('2021-08-10', 'V2201', 'PVC', '塑料', 8790.00, 8730.00, -0.68, '', 8670.60, 8862.10, '2021-08-10 11:54:32');
INSERT INTO future.open_gap (trade_date, code, name, category, pre_close, open, gap_rate, remark, buy_low, sell_high,
                             create_time)
VALUES ('2021-08-10', 'Y2201', '豆油', '油脂', 8680.00, 8580.00, -1.15, '', 8481.30, 8710.40, '2021-08-10 11:54:32');
INSERT INTO future.open_gap (trade_date, code, name, category, pre_close, open, gap_rate, remark, buy_low, sell_high,
                             create_time)
VALUES ('2021-08-10', 'ZN2110', '沪锌', '有色', 22390.00, 22200.00, -0.85, '', 22011.30, 22535.50, '2021-08-10 11:54:32');